0,1,0
ABC,abc7news.com,1
ABC,abcnews.go.com,134
ABC,aclu.org,1
ABC,census.gov,1
ABC,crdl.usg.edu,1
ABC,democrats-judiciary.house.gov,1
ABC,fergusoncity.com,1
ABC,history.com,1
ABC,nytimes.com,1
ABC,okhistory.org,1
ABC,presidency.ucsb.edu,2
ABC,query.nytimes.com,1
ABC,quickfacts.census.gov,1
ABC,stltoday.com,4
ABC,time.com,1
ABC,twitter.com,2
ABC,wjla.com,1
ABC,youtube.com,1
AL,aclu.org,1
AL,al.com,37
AL,bhamwiki.com,1
AL,blog.al.com,5
AL,bloomberg.com,1
AL,cnn.com,1
AL,espn.com,1
AL,huffingtonpost.com,1
AL,ibtimes.co.uk,2
AL,justice.gov,1
AL,kmov.com,4
AL,ksdk.com,1
AL,lawofficer.com,3
AL,mashable.com,1
AL,mmqb.com,1
AL,msnbc.com,1
AL,nbcnews.com,4
AL,news.bbc.co.uk,1
AL,newsmax.com,1
AL,nytimes.com,2
AL,people-press.org,1
AL,pewresearch.org,2
AL,politico.com,1
AL,sewell.house.gov,1
AL,splcenter.org,1
AL,stlbeacon.org,1
AL,stltoday.com,4
AL,theblaze.com,1
AL,theguardian.com,1
AL,thewire.com,2
AL,time.com,1
AL,topics.al.com,5
AL,twitter.com,3
AL,usatoday.com,2
AL,washingtonpost.com,5
AL,wsj.com,1
BBC,bbc.co.uk,2
BBC,bbc.com,7
BBC,businessinsider.com,1
BBC,foxnews.com,1
BBC,globaltimes.cn,1
BBC,governor.mo.gov,1
BBC,hotair.com,2
BBC,jonathanturley.org,1
BBC,jrz.cnstock.com,1
BBC,moguard.com,1
BBC,nationalreview.com,3
BBC,nymag.com,1
BBC,nytimes.com,4
BBC,opinion.haiwainet.cn,1
BBC,people-press.org,1
BBC,rawstory.com,1
BBC,reason.com,1
BBC,slate.com,1
BBC,spectator.org,1
BBC,talkingpointsmemo.com,1
BBC,theatlantic.com,2
BBC,time.com,1
BBC,townhall.com,1
BBC,twitter.com,20
BBC,vine.co,1
BET,ago.mo.gov,1
BET,bet.com,85
BET,bizjournals.com,1
BET,cbsnews.com,1
BET,censusviewer.com,1
BET,cnn.com,1
BET,complex.com,2
BET,conyers.house.gov,1
BET,cops.usdoj.gov,1
BET,fergusoncity.com,1
BET,foxnews.com,1
BET,fudge.house.gov,2
BET,gphistorical.org,1
BET,hot1041stl.com,1
BET,hotnewhiphop.com,1
BET,house.mo.gov,2
BET,huffingtonpost.com,1
BET,instagram.com,2
BET,johnlewis.house.gov,1
BET,kmov.com,1
BET,lacyclay.house.gov,2
BET,latimes.com,9
BET,motherjones.com,2
BET,msnbc.com,1
BET,mtv.com,1
BET,nbcnews.com,1
BET,npr.org,1
BET,nydailynews.com,2
BET,nytimes.com,3
BET,parkscrump.com,1
BET,pbs.org,1
BET,poetryfoundation.org,1
BET,senate.mo.gov,1
BET,soundcloud.com,1
BET,stlouis-mo.gov,1
BET,stlouis.cbslocal.com,1
BET,stltoday.com,5
BET,time.com,5
BET,twitter.com,7
BET,ucr.fbi.gov,1
BET,usatoday.com,5
BET,vibe.com,1
BET,vox.com,1
BET,washingtonpost.com,2
BET,youtube.com,1
BlackAmericaWeb,amazon.com,2
BlackAmericaWeb,blackamericaweb.com,7
BlackAmericaWeb,blogs.indiewire.com,1
BlackAmericaWeb,cantonrep.com,1
BlackAmericaWeb,dailyfinance.com,1
BlackAmericaWeb,en.wikipedia.org,1
BlackAmericaWeb,gawker.com,1
BlackAmericaWeb,hellobeautiful.com,1
BlackAmericaWeb,huffingtonpost.com,1
BlackAmericaWeb,madamenoire.com,1
BlackAmericaWeb,mediaite.com,1
BlackAmericaWeb,michaelbaisden.com,1
BlackAmericaWeb,motherjones.com,1
BlackAmericaWeb,pitchfork.com,1
BlackAmericaWeb,soundcloud.com,1
BlackAmericaWeb,thedailybeast.com,1
BlackAmericaWeb,time.com,2
BlackAmericaWeb,tmz.com,1
BlackEnterprise,america.aljazeera.com,1
BlackEnterprise,billboard.com,1
BlackEnterprise,blackenterprise.com,25
BlackEnterprise,blacklifematters.org,1
BlackEnterprise,builderlevy.com,1
BlackEnterprise,facebook.com,2
BlackEnterprise,glaad.org,1
BlackEnterprise,hiphopwired.com,1
BlackEnterprise,http,1
BlackEnterprise,huffingtonpost.co.uk,1
BlackEnterprise,huffingtonpost.com,2
BlackEnterprise,independent.co.uk,1
BlackEnterprise,ksdk.com,1
BlackEnterprise,newsone.com,1
BlackEnterprise,nytimes.com,1
BlackEnterprise,r20.rs6.net,1
BlackEnterprise,rt.com,1
BlackEnterprise,soundcloud.com,2
BlackEnterprise,stltoday.com,1
BlackEnterprise,twitter.com,2
BlackEnterprise,xxlmag.com,1
BleacherReport,mmqb.si.com,1
BleacherReport,nymag.com,1
BleacherReport,politico.com,1
BleacherReport,usatoday.com,1
Bossip,abcnews.go.com,1
Bossip,ajc.com,1
Bossip,bjs.gov,1
Bossip,blackamericaweb.com,1
Bossip,bossip.com,59
Bossip,breakingbrown.com,1
Bossip,dailymail.co.uk,1
Bossip,fox2now.com,1
Bossip,foxnews.com,1
Bossip,hiphopwired.com,2
Bossip,huffingtonpost.com,1
Bossip,ibtimes.com,1
Bossip,instagram.com,1
Bossip,kctv5.com,1
Bossip,ktla.com,1
Bossip,mediaite.com,1
Bossip,mobile.nytimes.com,1
Bossip,msnbc.com,1
Bossip,rapwave.net,1
Bossip,rawstory.com,2
Bossip,stltoday.com,1
Bossip,tmz.com,2
Bossip,twitter.com,1
Bossip,usatoday.com,2
Bossip,westernjournalism.com,1
Bossip,yahoo.com,1
Boston,archive.boston.com,4
Boston,boston.com,9
Boston,latimes.com,2
Boston,soundcloud.com,4
Boston,tfr.faa.gov,1
Boston,theroot.com,1
Boston,twitter.com,10
Boston,washingtonpost.com,1
BusinessInsider,abcnews.go.com,1
BusinessInsider,aclu.org,4
BusinessInsider,albany.edu,2
BusinessInsider,amazon.com,4
BusinessInsider,barnesandnoble.com,1
BusinessInsider,battenkillbooks.com,1
BusinessInsider,bbc.com,3
BusinessInsider,bigstory.ap.org,3
BusinessInsider,bjs.gov,1
BusinessInsider,bloggingblackmiami.com,1
BusinessInsider,bloomberg.com,1
BusinessInsider,bloombergview.com,1
BusinessInsider,bostonglobe.com,1
BusinessInsider,brookings.edu,1
BusinessInsider,businessinsider.com,145
BusinessInsider,businessinsider.com.au,1
BusinessInsider,capitalnewyork.com,1
BusinessInsider,cbc.ca,1
BusinessInsider,cnn.com,4
BusinessInsider,content.time.com,1
BusinessInsider,csmonitor.com,3
BusinessInsider,dailymotion.com,2
BusinessInsider,disastercenter.com,1
BusinessInsider,dispositionservices.dla.mil,1
BusinessInsider,dragoconsultants.com,2
BusinessInsider,ed.gov,1
BusinessInsider,edition.cnn.com,1
BusinessInsider,en.wikipedia.org,4
BusinessInsider,facebook.com,2
BusinessInsider,files.shareholder.com,1
BusinessInsider,forensiccriminology.com,1
BusinessInsider,fox2now.com,1
BusinessInsider,ft.com,2
BusinessInsider,governor.mo.gov,2
BusinessInsider,hosted.ap.org,3
BusinessInsider,huduser.gov,1
BusinessInsider,huffingtonpost.co.uk,1
BusinessInsider,huffingtonpost.com,1
BusinessInsider,investor.taser.com,1
BusinessInsider,jpost.com,1
BusinessInsider,kmov.com,1
BusinessInsider,ksdk.com,3
BusinessInsider,latimes.com,2
BusinessInsider,lehighvalleylive.com,1
BusinessInsider,lencoarmor.com,1
BusinessInsider,livestream.com,1
BusinessInsider,mappingdecline.lib.uiowa.edu,2
BusinessInsider,mediaite.com,1
BusinessInsider,medium.com,1
BusinessInsider,msnbc.com,4
BusinessInsider,nbcnews.com,2
BusinessInsider,ncjp.org,1
BusinessInsider,newrepublic.com,4
BusinessInsider,news.yahoo.com,1
BusinessInsider,newseum.org,2
BusinessInsider,newsweek.com,1
BusinessInsider,newyorker.com,3
BusinessInsider,nij.gov,2
BusinessInsider,northshire.com,1
BusinessInsider,npr.org,1
BusinessInsider,nyclu.org,2
BusinessInsider,nytimes.com,19
BusinessInsider,opensocietyfoundations.org,2
BusinessInsider,pinetartinc.com,1
BusinessInsider,policefoundation.org,1
BusinessInsider,policeone.com,2
BusinessInsider,quickfacts.census.gov,1
BusinessInsider,reason.com,1
BusinessInsider,reuters.com,2
BusinessInsider,salon.com,1
BusinessInsider,science.nasa.gov,1
BusinessInsider,scribd.com,1
BusinessInsider,slate.com,11
BusinessInsider,soundcloud.com,1
BusinessInsider,stltoday.com,2
BusinessInsider,store.kobobooks.com,1
BusinessInsider,support.twitter.com,1
BusinessInsider,talkingpointsmemo.com,6
BusinessInsider,ted.com,1
BusinessInsider,telegraph.co.uk,1
BusinessInsider,tfr.faa.gov,1
BusinessInsider,theatlantic.com,2
BusinessInsider,thedignityvirus.com,2
BusinessInsider,theglobeandmail.com,1
BusinessInsider,theguardian.com,3
BusinessInsider,thewire.com,2
BusinessInsider,time.com,3
BusinessInsider,twitlonger.com,1
BusinessInsider,twitter.com,42
BusinessInsider,uk.eonline.com,1
BusinessInsider,uk.reuters.com,2
BusinessInsider,usatoday.com,2
BusinessInsider,video.foxnews.com,1
BusinessInsider,vox.com,3
BusinessInsider,washington.cbslocal.com,1
BusinessInsider,washingtonpost.com,14
BusinessInsider,weather.com,1
BusinessInsider,who.int,1
BusinessInsider,wsj.com,2
BusinessInsider,wtsp.com,2
BusinessInsider,youtube.com,3
Buzzfeed,aclu-mo.org,1
Buzzfeed,aclu.org,1
Buzzfeed,ago.mo.gov,3
Buzzfeed,amazon.com,1
Buzzfeed,amnesty.org,4
Buzzfeed,bbc.com,1
Buzzfeed,bigstory.ap.org,1
Buzzfeed,blackpast.org,1
Buzzfeed,businessinsider.com,1
Buzzfeed,buzzfeed.com,52
Buzzfeed,cnn.com,5
Buzzfeed,cops.usdoj.gov,3
Buzzfeed,dispositionservices.dla.mil,5
Buzzfeed,docs.google.com,1
Buzzfeed,documentcloud.org,1
Buzzfeed,dps.mo.gov,1
Buzzfeed,facebook.com,5
Buzzfeed,fergusoncity.com,1
Buzzfeed,firstlook.org,1
Buzzfeed,fox2now.com,8
Buzzfeed,frankocean.tumblr.com,1
Buzzfeed,fundly.com,1
Buzzfeed,gofundme.com,1
Buzzfeed,google.com,2
Buzzfeed,governor.mo.gov,3
Buzzfeed,govtrack.us,1
Buzzfeed,instagram.com,1
Buzzfeed,justice.gov,1
Buzzfeed,kentucky.com,1
Buzzfeed,kmov.com,2
Buzzfeed,ksat.com,1
Buzzfeed,ksdk.com,1
Buzzfeed,medium.com,1
Buzzfeed,nationalhispanicleadership.org,1
Buzzfeed,nbcnews.com,2
Buzzfeed,newsroom.fb.com,1
Buzzfeed,newsweek.com,1
Buzzfeed,npr.org,1
Buzzfeed,nytimes.com,1
Buzzfeed,online.wsj.com,2
Buzzfeed,press.gettyimages.com,1
Buzzfeed,quickfacts.census.gov,1
Buzzfeed,scribd.com,1
Buzzfeed,soundcloud.com,1
Buzzfeed,stlouis.cbslocal.com,1
Buzzfeed,stltoday.com,10
Buzzfeed,tfr.faa.gov,1
Buzzfeed,thatsenuff.com,1
Buzzfeed,theblaze.com,2
Buzzfeed,thenation.com,1
Buzzfeed,theroot.com,1
Buzzfeed,time.com,2
Buzzfeed,twitter.com,11
Buzzfeed,usatoday.com,1
Buzzfeed,washingtonpost.com,3
Buzzfeed,wavy.com,1
Buzzfeed,wonderingsound.com,1
CBS,1.usa.gov,1
CBS,american.edu,1
CBS,articles.chicagotribune.com,1
CBS,articles.latimes.com,1
CBS,biggestuscities.com,1
CBS,bloomberg.com,1
CBS,brookings.edu,2
CBS,businessinsider.com,1
CBS,businessweek.com,2
CBS,cbsnews.com,404
CBS,cbssports.com,1
CBS,content.time.com,1
CBS,dailycaller.com,1
CBS,governor.mo.gov,2
CBS,huduser.org,1
CBS,kmov.com,20
CBS,ktla.com,1
CBS,latimes.com,1
CBS,maplight.org,1
CBS,markets.cbsnews.com,2
CBS,newyork.cbslocal.com,1
CBS,nytimes.com,3
CBS,online.wsj.com,1
CBS,people-press.org,1
CBS,poynter.org,1
CBS,secure-fly.cbsnews.com,13
CBS,stlouis.cbslocal.com,2
CBS,stltoday.com,6
CBS,theverge.com,1
CBS,to%20arrange%20for%20an%20additional%20autopsy%20to%20be%20performed%20by%20a%20federal%20medical%20examiner,2
CBS,twitter.com,1
CBS,washingtonpost.com,2
CNET,bbc.com,2
CNET,blog.lawyer.com,1
CNET,cnet.com,14
CNET,cnn.com,1
CNET,facebook.com,1
CNET,media.ca1.uscourts.gov,1
CNET,motherjones.com,1
CNET,nbcnews.com,1
CNET,nydailynews.com,1
CNET,nytimes.com,1
CNET,photographyisnotacrime.com,1
CNET,play.google.com,1
CNET,politico.com,1
CNET,theonion.com,1
CNET,twitter.com,3
CNET,unionleader.com,1
CNET,washingtonpost.com,1
CNN,971talk.com,1
CNN,ac360.blogs.cnn.com,2
CNN,aclu.org,1
CNN,ago.mo.gov,1
CNN,bjs.gov,1
CNN,breitbart.com,1
CNN,cato.org,1
CNN,censusviewer.com,1
CNN,cnn.com,87
CNN,constitutioncenter.org,1
CNN,dallasobserver.com,1
CNN,danaloeschradio.com,1
CNN,edition.cnn.com,1
CNN,facebook.com,2
CNN,fergusoncity.com,1
CNN,forwardtimesonline.com,1
CNN,fox2now.com,1
CNN,gofundme.com,2
CNN,hlntv.com,1
CNN,huffingtonpost.com,2
CNN,kaboom.org,1
CNN,kmov.com,7
CNN,krqe.com,1
CNN,ksdk.com,4
CNN,law.pitt.edu,1
CNN,m.facebook.com,1
CNN,mccaskill.senate.gov,1
CNN,miamiherald.com,1
CNN,money.cnn.com,25
CNN,motherjones.com,1
CNN,msnbc.com,2
CNN,nabj.org,1
CNN,nbcchicago.com,1
CNN,nbcnews.com,1
CNN,northstlouiscounty.com,1
CNN,nydailynews.com,2
CNN,nypost.com,1
CNN,nytimes.com,5
CNN,object.cato.org,1
CNN,pbs.org,2
CNN,policemisconduct.net,1
CNN,politicalticker.blogs.cnn.com,4
CNN,realtytrac.com,1
CNN,rebirthesl.org,1
CNN,riverfronttimes.com,1
CNN,stlouis.cbslocal.com,1
CNN,stltoday.com,3
CNN,storify.com,1
CNN,t.co,1
CNN,theiacp.org,1
CNN,theintercept.com,1
CNN,thelocal.de,1
CNN,thenation.com,1
CNN,thewrap.com,1
CNN,thinkprogress.org,1
CNN,time.com,4
CNN,today.com,1
CNN,twitter.com,36
CNN,usatoday.com,1
CNN,washingtonpost.com,2
CNN,wctv.tv,1
CNN,welt.de,1
CNN,youtube.com,3
ChicagoTribune,abcnews.go.com,1
ChicagoTribune,ajc.com,1
ChicagoTribune,articles.latimes.com,2
ChicagoTribune,chicagotribune.com,74
ChicagoTribune,governor.mo.gov,1
ChicagoTribune,kmov.com,1
ChicagoTribune,latimes.com,5
ChicagoTribune,nbcnews.com,1
ChicagoTribune,newsweek.com,1
ChicagoTribune,npr.org,1
ChicagoTribune,nytimes.com,4
ChicagoTribune,okhistory.org,1
ChicagoTribune,people-press.org,1
ChicagoTribune,stltoday.com,1
ChicagoTribune,time.com,1
ChicagoTribune,twitter.com,5
ChicagoTribune,ucpress.edu,1
Chron,37.media.tumblr.com,1
Chron,amazon.com,1
Chron,bjs.gov,1
Chron,blog.chron.com,1
Chron,bloomberg.com,1
Chron,businessinsider.com,37
Chron,capitalnewyork.com,1
Chron,cato.org,1
Chron,chron.com,49
Chron,cnn.com,1
Chron,godovermoney.com,2
Chron,legacy.ksdk.com,3
Chron,mediaite.com,1
Chron,mysanantonio.com,1
Chron,ncbi.nlm.nih.gov,5
Chron,nij.gov,2
Chron,nytimes.com,4
Chron,observer.com,1
Chron,physiciansforhumanrights.org,1
Chron,rundmc.com,1
Chron,talkingpointsmemo.com,1
Chron,thewire.com,1
Chron,twitter.com,5
Chron,video.foxnews.com,1
Chron,washingtonpost.com,2
Chron,youtube.com,1
ClutchMag,bigstory.ap.org,1
ClutchMag,change.org,1
ClutchMag,hosted.ap.org,1
ClutchMag,huffingtonpost.com,1
ClutchMag,jezebel.com,1
ClutchMag,kmov.com,1
ClutchMag,mxgm.org,1
ClutchMag,nytimes.com,3
ClutchMag,politico.com,1
ClutchMag,stltoday.com,2
ClutchMag,talkingpointsmemo.com,1
ClutchMag,theconcourse.deadspin.com,1
ClutchMag,twitter.com,6
ClutchMag,washingtonpost.com,2
ClutchMag,yahoo.com,1
DailyBeast,bartleby.com,1
DailyBeast,bigstory.ap.org,1
DailyBeast,billboard.com,1
DailyBeast,blackamericaweb.com,1
DailyBeast,cnn.com,2
DailyBeast,dailykos.com,1
DailyBeast,deseretnews.com,1
DailyBeast,economist.com,1
DailyBeast,firstthings.com,1
DailyBeast,frankocean.tumblr.com,1
DailyBeast,gawker.com,1
DailyBeast,gofundme.com,1
DailyBeast,hazlitt.net,1
DailyBeast,instagram.com,1
DailyBeast,itunes.apple.com,1
DailyBeast,ksdk.com,2
DailyBeast,mediaite.com,1
DailyBeast,mediamatters.org,1
DailyBeast,medium.com,1
DailyBeast,mobile.nytimes.com,1
DailyBeast,motherjones.com,1
DailyBeast,msnbc.com,1
DailyBeast,nbcnews.com,2
DailyBeast,nbcnewyork.com,1
DailyBeast,news.google.com,1
DailyBeast,news.yahoo.com,1
DailyBeast,nrapublications.org,1
DailyBeast,nytimes.com,2
DailyBeast,observer.com,1
DailyBeast,patdollard.com,1
DailyBeast,politifact.com,2
DailyBeast,rawstory.com,2
DailyBeast,sdrostra.com,1
DailyBeast,soundcloud.com,1
DailyBeast,stltoday.com,2
DailyBeast,thedailybeast.com,19
DailyBeast,thegatewaypundit.com,1
DailyBeast,thewire.com,1
DailyBeast,thinkprogress.org,1
DailyBeast,twitter.com,5
DailyBeast,understandingprejudice.org,1
DailyBeast,usatoday.com,1
DailyBeast,vanityfair.com,1
DailyBeast,vine.co,1
DailyBeast,washingtonpost.com,2
DailyBeast,web.archive.org,1
DailyBeast,wjla.com,1
DailyBeast,youtube.com,2
DailyMail,abc7ny.com,1
DailyMail,abcnews.go.com,6
DailyMail,afcent.af.mil,1
DailyMail,aol.com,1
DailyMail,articles.chicagotribune.com,1
DailyMail,bbc.com,1
DailyMail,buzzfeed.com,1
DailyMail,cbsnews.com,2
DailyMail,centcom.mil,1
DailyMail,citylab.com,1
DailyMail,cnn.com,9
DailyMail,danaloeschradio.com,6
DailyMail,facebook.com,1
DailyMail,fox2now.com,3
DailyMail,freep.com,1
DailyMail,frontpagemag.com,1
DailyMail,gma.yahoo.com,2
DailyMail,huffingtonpost.com,3
DailyMail,kmov.com,2
DailyMail,ksdk.com,1
DailyMail,law.cornell.edu,1
DailyMail,mashable.com,1
DailyMail,molwps.andweb.dmgt.net,1
DailyMail,msnbc.com,4
DailyMail,nbclosangeles.com,1
DailyMail,nbcnews.com,2
DailyMail,nbcwashington.com,1
DailyMail,news.yahoo.com,3
DailyMail,nytimes.com,2
DailyMail,people-press.org,1
DailyMail,rasmussenreports.com,2
DailyMail,sddc.army.mil,1
DailyMail,stltoday.com,2
DailyMail,theconservativetreehouse.com,1
DailyMail,thedailybeast.com,1
DailyMail,theguardian.com,1
DailyMail,thenation.com,1
DailyMail,time.com,2
DailyMail,today.com,1
DailyMail,trayvonmartinfoundation.org,1
DailyMail,twitter.com,8
DailyMail,usatoday.com,12
DailyMail,vogue.com,1
DailyMail,vvdailypress.com,1
DailyMail,washingtonpost.com,7
DailyMail,wtsp.com,1
DallasMorningNews,aclu.org,2
DallasMorningNews,amazon.com,1
DallasMorningNews,businessinsider.com,1
DallasMorningNews,cnn.com,1
DallasMorningNews,dallasnews.com,5
DallasMorningNews,fox4news.com,1
DallasMorningNews,latimes.com,2
DallasMorningNews,nytimes.com,1
DallasMorningNews,trailblazersblog.dallasnews.com,1
DallasMorningNews,twitter.com,1
DallasMorningNews,washingtonpost.com,1
DetroitFreePress,bridge.caspio.net,1
DetroitFreePress,caspio.com,2
DetroitFreePress,en.wikipedia.org,1
DetroitFreePress,freep.com,10
DetroitFreePress,google.com,1
DetroitFreePress,nypost.com,1
DetroitFreePress,nytimes.com,1
DetroitFreePress,stltoday.com,1
DetroitFreePress,vox.com,2
DetroitFreePress,washingtonpost.com,1
DetroitFreePress,zara.com,1
Ebony,abcnews.go.com,1
Ebony,aclu-nj.org,1
Ebony,aclu.org,1
Ebony,adl.org,1
Ebony,ago.mo.gov,1
Ebony,america.aljazeera.com,1
Ebony,articles.baltimoresun.com,1
Ebony,bigstory.ap.org,1
Ebony,change.org,1
Ebony,changethenypd.org,1
Ebony,city-data.com,1
Ebony,claytonmo.gov,2
Ebony,complex.com,1
Ebony,docs.google.com,1
Ebony,dreamdefenders.org,2
Ebony,ebony.com,3
Ebony,electronicintifada.net,1
Ebony,ellabakercenter.org,1
Ebony,en.wikipedia.org,1
Ebony,english.al-akhbar.com,2
Ebony,facebook.com,87
Ebony,file,1
Ebony,firstlook.org,1
Ebony,forrestgump.wikia.com,1
Ebony,fortune.com,1
Ebony,fox2now.com,1
Ebony,haaretz.com,3
Ebony,history.com,1
Ebony,howard.edu,1
Ebony,huffingtonpost.com,3
Ebony,israelglobalrepression.files.wordpress.com,1
Ebony,jewishjournal.com,1
Ebony,keyt.com,1
Ebony,kmov.com,1
Ebony,ksdk.com,1
Ebony,ktla.com,1
Ebony,lansingstatejournal.com,1
Ebony,latimes.com,4
Ebony,latimesblogs.latimes.com,1
Ebony,lisabloom.com,2
Ebony,m.facebook.com,1
Ebony,mxgm.org,1
Ebony,mycentraljersey.com,1
Ebony,new.livestream.com,1
Ebony,news.google.com,1
Ebony,newseum.org,1
Ebony,newsone.com,1
Ebony,newsweek.com,1
Ebony,now-events.net,1
Ebony,npr.org,2
Ebony,nydailynews.com,1
Ebony,nytimes.com,3
Ebony,occupy.com,2
Ebony,ochaopt.org,1
Ebony,pbs.org,1
Ebony,pic.twitter.com,2
Ebony,pix11.com,1
Ebony,policemisconduct.net,1
Ebony,rt.com,1
Ebony,rustin.org,1
Ebony,samidoun.ca,1
Ebony,science.sciencemag.org,1
Ebony,secure.piryx.com,1
Ebony,startribune.com,1
Ebony,stlouis.cbslocal.com,1
Ebony,stltoday.com,3
Ebony,storify.com,1
Ebony,studysites.sagepub.com,1
Ebony,sunherald.com,1
Ebony,tampabay.com,1
Ebony,targetmap.com,1
Ebony,theatlantic.com,1
Ebony,theguardian.com,1
Ebony,twitter.com,10
Ebony,urbanbellemag.com,1
Ebony,vdare.com,1
Ebony,vibe.com,1
Ebony,vine.co,1
Ebony,washingtonpost.com,2
Ebony,yasminnair.net,1
Ebony,ynetnews.com,1
Ebony,youtube.com,2
EliteDaily,cnn.com,1
EliteDaily,economist.com,1
EliteDaily,elitedaily.com,6
EliteDaily,huffingtonpost.co.uk,4
EliteDaily,independent.co.uk,1
EliteDaily,nowinexile.tumblr.com,1
EliteDaily,pewglobal.org,1
EliteDaily,thedailybeast.com,1
EliteDaily,theguardian.com,6
EliteDaily,thelocal.se,2
EliteDaily,usatoday.com,3
EliteDaily,vox.com,1
EliteDaily,washingtonpost.com,1
Engadget,new.livestream.com,1
Engadget,tfr.faa.gov,1
Engadget,twitter.com,8
Engadget,usatoday.com,1
Essence,eonline.com,1
Essence,essence.com,2
Essence,gofundme.com,1
Essence,historymatters.gmu.edu,1
Essence,instagram.com,3
Essence,kmov.com,1
Essence,msnbc.com,2
Essence,newsnyork.com,1
Essence,newsone.com,1
Essence,nydailynews.com,1
Essence,philly.com,1
Essence,reuters.com,1
Essence,stltoday.com,2
Essence,twitter.com,2
Essence,usatoday.com,1
EurWeb,aattp.org,1
EurWeb,abcnews.go.com,1
EurWeb,cbsnews.com,1
EurWeb,cnn.com,3
EurWeb,dailymail.co.uk,3
EurWeb,eurthisnthat.com,3
EurWeb,eurweb.com,27
EurWeb,freep.com,1
EurWeb,hiphopandpolitics.com,1
EurWeb,huffingtonpost.com,1
EurWeb,kmov.com,1
EurWeb,ksdk.com,1
EurWeb,latimes.com,2
EurWeb,msnbc.com,1
EurWeb,necolebitchie.com,1
EurWeb,news.yahoo.com,1
EurWeb,newsy.com,1
EurWeb,nytimes.com,3
EurWeb,rawstory.com,1
EurWeb,scribd.com,1
EurWeb,soundcloud.com,1
EurWeb,theroot.com,1
EurWeb,time.com,1
EurWeb,tmz.com,1
EurWeb,twitter.com,2
EurWeb,washingtonpost.com,4
EurWeb,youtube.com,1
Examiner,2ndamendmentright.org,1
Examiner,abc7chicago.com,1
Examiner,abcnews.go.com,5
Examiner,admin.sc.gov,1
Examiner,beforeitsnews.com,3
Examiner,billboard.com,1
Examiner,bizjournals.com,1
Examiner,buzzfeed.com,1
Examiner,c-span.org,1
Examiner,cbsnews.com,2
Examiner,cironline.org,1
Examiner,civilrights.org,1
Examiner,cnn.com,7
Examiner,conservativefiringline.com,3
Examiner,constitution.findlaw.com,1
Examiner,council.nyc.gov,1
Examiner,couriermail.com.au,1
Examiner,criminaldefenselawyer.com,2
Examiner,csgv.org,1
Examiner,dailykos.com,1
Examiner,dailymail.co.uk,5
Examiner,dcist.com,1
Examiner,dps.mn.gov,1
Examiner,en.wikipedia.org,4
Examiner,endesastres.org,1
Examiner,examiner.com,189
Examiner,facebook.com,3
Examiner,forbes.com,1
Examiner,fox2now.com,5
Examiner,fox32chicago.com,1
Examiner,foxnews.com,3
Examiner,foxsports.com,1
Examiner,gainesville.com,1
Examiner,gopusa.com,1
Examiner,heavy.com,1
Examiner,hedyepstein.com,1
Examiner,history.com,1
Examiner,huffingtonpost.com,7
Examiner,humanevents.com,1
Examiner,instagram.com,1
Examiner,itunes.apple.com,1
Examiner,jonathanturley.org,1
Examiner,jpfo.org,1
Examiner,kmov.com,6
Examiner,knoe.com,1
Examiner,latimes.com,1
Examiner,legacy.13wmaz.com,1
Examiner,legacy.ksdk.com,1
Examiner,lencoarmor.com,1
Examiner,libertyunyielding.com,4
Examiner,lidblog.com,1
Examiner,mashable.com,1
Examiner,mediaite.com,1
Examiner,mediamatters.org,1
Examiner,medicaldaily.com,1
Examiner,minnesota.cbslocal.com,1
Examiner,minnesotanationalguard.org,1
Examiner,mmajunkie.com,1
Examiner,motherjones.com,1
Examiner,msn.com,4
Examiner,msnbc.com,4
Examiner,mxgm.org,1
Examiner,mysanantonio.com,1
Examiner,news.yahoo.com,2
Examiner,newsday.com,1
Examiner,npr.org,2
Examiner,nyc.gov,1
Examiner,nydailynews.com,4
Examiner,nymag.com,1
Examiner,nypost.com,3
Examiner,nytimes.com,10
Examiner,odmp.org,1
Examiner,oshkosh-tacticalprotector.com,1
Examiner,pinterest.com,1
Examiner,politico.com,2
Examiner,presstv.ir,1
Examiner,reason.com,1
Examiner,reuters.com,1
Examiner,riverfronttimes.com,1
Examiner,sanluisobispo.com,1
Examiner,seattletimes.com,1
Examiner,senseremusic.com,1
Examiner,socialistworker.org,1
Examiner,socialjustice.ccnmtl.columbia.edu,1
Examiner,soundcloud.com,1
Examiner,startribune.com,2
Examiner,stltoday.com,5
Examiner,supreme.justia.com,1
Examiner,theblacksphere.net,1
Examiner,theblaze.com,2
Examiner,thedailybeast.com,2
Examiner,thegatewaypundit.com,3
Examiner,thegiverfilm.com,1
Examiner,thegrio.com,1
Examiner,theguardian.com,1
Examiner,thenation.com,1
Examiner,thewrap.com,1
Examiner,thinkprogress.org,1
Examiner,time.com,2
Examiner,tmz.com,1
Examiner,tpnn.com,1
Examiner,truthrevolt.org,1
Examiner,twitchy.com,1
Examiner,twitlonger.com,1
Examiner,twitpic.com,1
Examiner,twitter.com,30
Examiner,upi.com,1
Examiner,urbandictionary.com,1
Examiner,usatoday.com,12
Examiner,vatterott.edu,1
Examiner,washingtonexaminer.com,1
Examiner,washingtonpost.com,9
Examiner,weaselzippers.us,1
Examiner,wgxa.tv,1
Examiner,whlt.com,1
Examiner,wsj.com,1
Examiner,wtvr.com,1
Examiner,youtube.com,13
FoxNews,11alive.com,1
FoxNews,adn.com,1
FoxNews,bit.ly,1
FoxNews,bjs.gov,1
FoxNews,brennancenter.org,1
FoxNews,businessinsider.com,1
FoxNews,cnn.com,1
FoxNews,courier-journal.com,1
FoxNews,dailycaller.com,2
FoxNews,dailyjournal.net,2
FoxNews,danaloeschradio.com,1
FoxNews,desmoinesregister.com,2
FoxNews,fox2now.com,6
FoxNews,foxnews.com,8
FoxNews,huffingtonpost.com,1
FoxNews,kmov.com,1
FoxNews,ksdk.com,1
FoxNews,mashable.com,3
FoxNews,ngo-monitor.org,1
FoxNews,nytimes.com,3
FoxNews,online.wsj.com,1
FoxNews,politico.com,1
FoxNews,politicopro.com,1
FoxNews,realclearpolitics.com,3
FoxNews,redstate.com,1
FoxNews,spectator.org,1
FoxNews,stltoday.com,3
FoxNews,surveyusa.com,1
FoxNews,thedailybeast.com,1
FoxNews,time.com,1
FoxNews,twitter.com,2
FoxNews,usnews.nbcnews.com,1
FoxNews,video.foxnews.com,10
FoxNews,washingtonexaminer.com,2
FoxNews,washingtonpost.com,1
FoxNews,youtube.com,3
Gawker,abcnews.go.com,2
Gawker,argusnews.org,1
Gawker,armypubs.army.mil,2
Gawker,articles.philly.com,1
Gawker,bigstory.ap.org,9
Gawker,bloomberg.com,1
Gawker,brotherhood-sistersol.org,1
Gawker,capitalnewyork.com,1
Gawker,cnn.com,5
Gawker,crownheights.org,1
Gawker,dailycaller.com,1
Gawker,dnainfo.com,1
Gawker,duanelester.com,1
Gawker,edition.cnn.com,1
Gawker,en.wikipedia.org,2
Gawker,english.emory.edu,1
Gawker,fox2now.com,3
Gawker,gawker.com,83
Gawker,gizmodo.com,1
Gawker,google.com,1
Gawker,gothamist.com,1
Gawker,governor.mo.gov,3
Gawker,hks.harvard.edu,1
Gawker,hosted.ap.org,4
Gawker,huffingtonpost.com,3
Gawker,jezebel.com,1
Gawker,kctv5.com,2
Gawker,kmov.com,3
Gawker,ksdk.com,2
Gawker,ktla.com,1
Gawker,latimes.com,1
Gawker,law.cornell.edu,1
Gawker,manupinc.org,1
Gawker,mashable.com,1
Gawker,mediaite.com,2
Gawker,motherjones.com,2
Gawker,msnbc.com,4
Gawker,nbcnews.com,4
Gawker,nbcnewyork.com,2
Gawker,news.vice.com,2
Gawker,news.yahoo.com,1
Gawker,newsweek.com,2
Gawker,newyork.cbslocal.com,2
Gawker,npr.org,2
Gawker,nydailynews.com,1
Gawker,nypost.com,1
Gawker,nytimes.com,7
Gawker,operationferguson.cf,1
Gawker,opinionator.blogs.nytimes.com,1
Gawker,oregonlive.com,1
Gawker,playboysfw.kinja.com,1
Gawker,pmi.com,1
Gawker,policereformorganizingproject.org,1
Gawker,popularmechanics.com,1
Gawker,reuters.com,2
Gawker,revcom.us,3
Gawker,silive.com,2
Gawker,stlouis.cbslocal.com,1
Gawker,stltoday.com,1
Gawker,storify.com,1
Gawker,talkingpointsmemo.com,2
Gawker,theatlantic.com,1
Gawker,thecryptosphere.com,2
Gawker,theguardian.com,2
Gawker,theintercept.com,1
Gawker,thetruefight.com,1
Gawker,thoughtcatalog.com,3
Gawker,time.com,3
Gawker,twitter.com,74
Gawker,upload.wikimedia.org,1
Gawker,usatoday.com,7
Gawker,video.stltoday.com,1
Gawker,vine.co,1
Gawker,washingtonpost.com,13
Gawker,wbtv.com,2
Gawker,wsj.com,1
Gawker,wsws.org,1
Gawker,youtube.com,1
Grio,aclu.org,1
Grio,drugpolicy.org,1
Grio,facebook.com,1
Grio,faultlinesjps.com,1
Grio,huffingtonpost.com,2
Grio,instagram.com,1
Grio,ksdk.com,3
Grio,mediaite.com,1
Grio,msnbc.com,4
Grio,msnbcmedia.msn.com,2
Grio,nbcnews.com,2
Grio,nytimes.com,1
Grio,politico.com,1
Grio,thegrio.com,33
Grio,thehill.com,1
Grio,treadavenport.carbonmade.com,1
Grio,twitter.com,6
Grio,usatoday.com,1
Grio,usnews.com,1
Grio,vox.com,1
Grio,washingtonpost.com,2
Guardian,abcnews.go.com,3
Guardian,aclu.org,2
Guardian,aclum.org,1
Guardian,aclunc.org,1
Guardian,aclupa.org,1
Guardian,adelaidenow.com.au,1
Guardian,afr.com,3
Guardian,ago.mo.gov,1
Guardian,alsa.org,2
Guardian,alternet.org,1
Guardian,amazon.com,1
Guardian,america.aljazeera.com,5
Guardian,amnestyusa.org,1
Guardian,antiviral.gawker.com,1
Guardian,articles.chicagotribune.com,1
Guardian,atlantictactical.com,1
Guardian,au.news.yahoo.com,2
Guardian,aurn.com,1
Guardian,bizjournals.com,1
Guardian,blogs.riverfronttimes.com,4
Guardian,businessinsider.com,2
Guardian,buzzfeed.com,8
Guardian,canberratimes.com.au,4
Guardian,cbsnews.com,1
Guardian,change.org,1
Guardian,chicago.suntimes.com,1
Guardian,citinternational.org,1
Guardian,city-data.com,2
Guardian,cjmasters.eku.edu,1
Guardian,click.mail.theguardian.com,1
Guardian,cnn.com,3
Guardian,columbiatribune.com,1
Guardian,couriermail.com.au,3
Guardian,cpj.org,1
Guardian,dailymail.co.uk,2
Guardian,dailytelegraph.com.au,2
Guardian,defense-technology.com,2
Guardian,desmoinesregister.com,2
Guardian,detroitnews.com,1
Guardian,dispositionservices.dla.mil,1
Guardian,dmlp.org,1
Guardian,emilytaylorcenter.dept.ku.edu,1
Guardian,en.wikipedia.org,2
Guardian,enjoygram.com,1
Guardian,fergflor.org,3
Guardian,fergusoncity.com,2
Guardian,finance.townhall.com,1
Guardian,finance.yahoo.com,1
Guardian,forbes.com,2
Guardian,fox2now.com,4
Guardian,foxnews.com,1
Guardian,fundly.com,1
Guardian,gigaom.com,1
Guardian,google.com,3
Guardian,gorkana.com,1
Guardian,government-fleet.com,1
Guardian,governor.mo.gov,3
Guardian,guprod.gnl,2
Guardian,healio.com,1
Guardian,heraldsun.com.au,1
Guardian,heritage.org,1
Guardian,hrw.org,1
Guardian,huffingtonpost.com,7
Guardian,i100.independent.co.uk,1
Guardian,i2.cdn.turner.com,1
Guardian,images.mycapture.com,1
Guardian,independent.co.uk,1
Guardian,infoplease.com,1
Guardian,instagram.com,2
Guardian,johnlewis.house.gov,2
Guardian,justice.gov,4
Guardian,kmov.com,1
Guardian,ksat.com,1
Guardian,ksdk.com,3
Guardian,latimes.com,5
Guardian,legacy.ksdk.com,2
Guardian,mind.org.uk,2
Guardian,minnpost.com,1
Guardian,motherjones.com,1
Guardian,msnbc.com,10
Guardian,mysanantonio.com,1
Guardian,naacp.org,2
Guardian,nbcbayarea.com,1
Guardian,nbcnews.com,2
Guardian,newjimcrow.com,1
Guardian,newmatilda.com,3
Guardian,news.com.au,1
Guardian,newsrewired.com,1
Guardian,newsweek.com,1
Guardian,newyork.cbslocal.com,1
Guardian,newyorker.com,1
Guardian,npr.org,1
Guardian,ntnews.com.au,1
Guardian,ny1.com,1
Guardian,nyclu.org,2
Guardian,nydailynews.com,4
Guardian,nymag.com,2
Guardian,nytimes.com,19
Guardian,officer.com,1
Guardian,officerstore.com,1
Guardian,online.wsj.com,1
Guardian,oxfordaasc.com,1
Guardian,people-press.org,2
Guardian,pewresearch.org,1
Guardian,player.radio.com,1
Guardian,policefoundation.org,1
Guardian,politico.com,2
Guardian,reuters.com,2
Guardian,rhrealitycheck.org,1
Guardian,riverfronttimes.com,1
Guardian,rt.com,1
Guardian,safariland.com,2
Guardian,samaritans.org,1
Guardian,sbs.com.au,2
Guardian,scribd.com,1
Guardian,sfgate.com,2
Guardian,shey.net,1
Guardian,slate.com,1
Guardian,smh.com.au,5
Guardian,static.photographyisnotacrime.com,1
Guardian,stltoday.com,14
Guardian,support.twitter.com,1
Guardian,t.co,1
Guardian,takimag.com,1
Guardian,talkingpointsmemo.com,2
Guardian,telegraph.co.uk,1
Guardian,theage.com.au,3
Guardian,theatlantic.com,2
Guardian,theaustralian.com.au,4
Guardian,theconversation.com,1
Guardian,thedailybeast.com,1
Guardian,thedrum.com,2
Guardian,theguardian.com,620
Guardian,thehill.com,1
Guardian,thenation.com,2
Guardian,theroot.com,1
Guardian,thinkprogress.org,1
Guardian,time.com,3
Guardian,touch.latimes.com,2
Guardian,tulsaworld.com,1
Guardian,twitter.com,75
Guardian,usatoday.com,3
Guardian,usatoday30.usatoday.com,1
Guardian,usgennet.org,1
Guardian,ustream.tv,1
Guardian,valleywag.gawker.com,1
Guardian,villagevoice.com,1
Guardian,vox.com,1
Guardian,walb.com,2
Guardian,walesonline.co.uk,1
Guardian,washingtonpost.com,13
Guardian,watoday.com.au,1
Guardian,whitehouse.gov,1
Guardian,wsj.com,1
Guardian,wupr.org,1
Guardian,yahoo.com,1
Guardian,youtube.com,6
HelloBeautiful,buzzfeed.com,1
HelloBeautiful,colorlines.com,1
HelloBeautiful,facebook.com,1
HelloBeautiful,hellobeautiful.com,25
HelloBeautiful,huffingtonpost.com,2
HelloBeautiful,ktla.com,1
HelloBeautiful,l1.yimg.com,1
HelloBeautiful,msnbc.com,1
HelloBeautiful,nbcnews.com,2
HelloBeautiful,news.yahoo.com,1
HelloBeautiful,newsone.com,4
HelloBeautiful,nytimes.com,3
HelloBeautiful,prentice.maxmobileapps.com,1
HelloBeautiful,s11.photobucket.com,1
HelloBeautiful,scribd.com,1
HelloBeautiful,theurbandaily.com,1
HelloBeautiful,tmz.com,1
HelloBeautiful,twitter.com,69
HelloBeautiful,wearefiveology.com,1
HelloBeautiful,xonecole.com,1
HelloBeautiful,yahoo.com,2
HelloBeautiful,youtube.com,1
HuffPost,.uwm.edu,2
HuffPost,168.166.15.111,2
HuffPost,abc7.com,1
HuffPost,abcnews.go.com,14
HuffPost,aclu-mo.org,1
HuffPost,aclu.org,7
HuffPost,acluct.org,1
HuffPost,acpo.police.uk,1
HuffPost,acslaw.org,1
HuffPost,activeresponsetraining.net,1
HuffPost,adweek.com,1
HuffPost,ago.mo.gov,4
HuffPost,ajc.com,1
HuffPost,al.com,1
HuffPost,alternet.org,1
HuffPost,amazon.com,4
HuffPost,america.aljazeera.com,3
HuffPost,americanprogress.org,1
HuffPost,americanrhetoric.com,1
HuffPost,amny.com,1
HuffPost,appinventor.mit.edu,1
HuffPost,apps.fcc.gov,1
HuffPost,argusradio.com,1
HuffPost,articles.orlandosentinel.com,1
HuffPost,asne.org,1
HuffPost,assembly.state.ny.us,15
HuffPost,auburnseminary.org,1
HuffPost,axs.com,1
HuffPost,baltimoresun.com,1
HuffPost,baruch.cuny.edu,1
HuffPost,bbc.com,7
HuffPost,beta.congress.gov,1
HuffPost,bgdblog.org,2
HuffPost,big.assets.huffingtonpost.com,6
HuffPost,bigstory.ap.org,1
HuffPost,billoreilly.com,1
HuffPost,bjs.gov,1
HuffPost,blackamericaweb.com,1
HuffPost,blacklivesmatter.tumblr.com,1
HuffPost,blackyouthproject.com,1
HuffPost,blog.loa.org,1
HuffPost,blog.phillypolice.com,1
HuffPost,blogs.denverpost.com,1
HuffPost,blogs.miaminewtimes.com,2
HuffPost,blogs.ocweekly.com,1
HuffPost,blogs.riverfronttimes.com,2
HuffPost,blogs.seattletimes.com,1
HuffPost,blogs.suntimes.com,1
HuffPost,bloomberg.com,2
HuffPost,bmhonor.com,1
HuffPost,books.google.com,2
HuffPost,breakingbrown.com,1
HuffPost,breitbart.com,2
HuffPost,britannica.com,1
HuffPost,brookings.edu,4
HuffPost,builderlevy.com,1
HuffPost,bulk.resource.org,1
HuffPost,businessinsider.com,5
HuffPost,buzzfeed.com,9
HuffPost,cato.org,1
HuffPost,cbsnews.com,7
HuffPost,ccrjustice.org,1
HuffPost,cdc.gov,1
HuffPost,channel3000.com,1
HuffPost,chapelhillnews.com,1
HuffPost,chicagotribune.com,1
HuffPost,childrensdefense.org,2
HuffPost,chocolatecity.cc,1
HuffPost,christianpost.com,1
HuffPost,chroniclet.com,1
HuffPost,citylab.com,1
HuffPost,civilrights.org,1
HuffPost,clerk.house.gov,2
HuffPost,cnbc.com,1
HuffPost,cnn.com,77
HuffPost,codecademy.com,1
HuffPost,colorlines.com,1
HuffPost,colorofchange.org,1
HuffPost,conagrabrands.com,1
HuffPost,consequenceofsound.net,1
HuffPost,copblock.org,1
HuffPost,cops.usdoj.gov,6
HuffPost,counterpunch.org,1
HuffPost,courts.ca.gov,1
HuffPost,crdl.usg.edu,2
HuffPost,crmvet.org,1
HuffPost,crooksandliars.com,1
HuffPost,csmonitor.com,1
HuffPost,dailymail.co.uk,1
HuffPost,dailynews.com,1
HuffPost,darkroom.baltimoresun.com,1
HuffPost,data.huffingtonpost.com,2
HuffPost,daytondailynews.com,1
HuffPost,deadspin.com,1
HuffPost,defense-technology.com,1
HuffPost,democracynow.org,5
HuffPost,dispatch.com,1
HuffPost,dispositionservices.dla.mil,2
HuffPost,dropbox.com,1
HuffPost,druglibrary.org,1
HuffPost,eagletonpollblog.wordpress.com,1
HuffPost,economist.com,3
HuffPost,edition.cnn.com,2
HuffPost,elections.huffingtonpost.com,4
HuffPost,electronicintifada.net,1
HuffPost,en.wikipedia.org,7
HuffPost,espn.go.com,1
HuffPost,facebook.com,4
HuffPost,facingteargas.org,1
HuffPost,fair.org,1
HuffPost,fastcompany.com,1
HuffPost,fcnl.org,1
HuffPost,fergflor.org,1
HuffPost,fergusoncity.com,1
HuffPost,festivalofpraisetour.com,1
HuffPost,field-negro.blogspot.com,1
HuffPost,field.com,1
HuffPost,fivethirtyeight.com,1
HuffPost,fox2now.com,4
HuffPost,fox6now.com,1
HuffPost,foxnews.com,4
HuffPost,frac.org,1
HuffPost,freep.com,1
HuffPost,ftvlive.com,2
HuffPost,fundly.com,4
HuffPost,gallup.com,1
HuffPost,gawker.com,5
HuffPost,georgianewsday.com,1
HuffPost,gizmodo.com,1
HuffPost,go.redirectingat.com,4
HuffPost,gofundme.com,2
HuffPost,goodmenproject.com,1
HuffPost,gov.uk,1
HuffPost,governor.mo.gov,2
HuffPost,govtech.com,1
HuffPost,grantland.com,1
HuffPost,graphics.latimes.com,1
HuffPost,groupthink.jezebel.com,1
HuffPost,gunowners.org,1
HuffPost,harvardmagazine.com,1
HuffPost,helpstlouis.org,2
HuffPost,heritage.org,2
HuffPost,historymatters.gmu.edu,1
HuffPost,hlntv.com,1
HuffPost,hollywoodbowl.com,1
HuffPost,hosted2.ap.org,1
HuffPost,house.gov,1
HuffPost,hrw.org,3
HuffPost,huduser.org,1
HuffPost,huff.to,2
HuffPost,huffingtonpost.com,425
HuffPost,hyperallergic.com,1
HuffPost,ibtimes.co.in,1
HuffPost,ibtimes.com,3
HuffPost,imls.gov,1
HuffPost,independent.co.uk,1
HuffPost,indiegogo.com,1
HuffPost,infowars.com,1
HuffPost,inquest.org.uk,2
HuffPost,instagram.com,5
HuffPost,internetvoices.org,1
HuffPost,ipcc.gov.uk,2
HuffPost,irp.wisc.edu,2
HuffPost,itvs.org,1
HuffPost,jezebel.com,1
HuffPost,jpost.com,1
HuffPost,justice.gov,1
HuffPost,k12videos.mit.edu,1
HuffPost,kaiserfamilyfoundation.files.wordpress.com,1
HuffPost,kansascity.com,1
HuffPost,keithboykin.com,1
HuffPost,kickstarter.com,1
HuffPost,kirwaninstitute.osu.edu,1
HuffPost,kmov.com,11
HuffPost,ksdk.com,12
HuffPost,ktla.com,6
HuffPost,kxly.com,1
HuffPost,laist.com,2
HuffPost,lancasterseminary.edu,1
HuffPost,lapdblog.typepad.com,1
HuffPost,lapdonline.org,4
HuffPost,latimes.com,15
HuffPost,latimesblogs.latimes.com,3
HuffPost,latino.foxnews.com,2
HuffPost,law.cornell.edu,1
HuffPost,le.utah.gov,1
HuffPost,lemonde.fr,1
HuffPost,letlukego.wordpress.com,2
HuffPost,levin.senate.gov,1
HuffPost,liveleak.com,1
HuffPost,loc.gov,1
HuffPost,losangeles.cbslocal.com,1
HuffPost,ltsp.edu,1
HuffPost,lubbockonline.com,1
HuffPost,luthersem.edu,1
HuffPost,madamenoire.com,1
HuffPost,mailto:aterkel@huffingtonpost.com,1
HuffPost,mashable.com,2
HuffPost,mccaskill.senate.gov,1
HuffPost,mcmissouri.com,2
HuffPost,mediaite.com,1
HuffPost,mediamatters.org,1
HuffPost,medium.com,1
HuffPost,miamiherald.com,2
HuffPost,middlechurch.org,1
HuffPost,mlive.com,4
HuffPost,mlk-kpp01.stanford.edu,1
HuffPost,motherjones.com,13
HuffPost,msnbc.com,11
HuffPost,msnewsnow.com,2
HuffPost,myfoxboston.com,1
HuffPost,nabj.org,1
HuffPost,nahj.org,1
HuffPost,nationaljournal.com,2
HuffPost,nbcmiami.com,1
HuffPost,nbcnews.com,5
HuffPost,nbcwashington.com,1
HuffPost,ncbi.nlm.nih.gov,1
HuffPost,ncja.org,1
HuffPost,ncjrs.gov,3
HuffPost,ncpc.org,1
HuffPost,ndci.org,1
HuffPost,neighborhoodscout.com,1
HuffPost,new.livestream.com,1
HuffPost,newadvent.org,1
HuffPost,newjimcrow.com,1
HuffPost,newrepublic.com,3
HuffPost,news.bbc.co.uk,2
HuffPost,news.medill.northwestern.edu,1
HuffPost,news.nationalgeographic.com,1
HuffPost,news.stanford.edu,1
HuffPost,news.stlpublicradio.org,2
HuffPost,news.vice.com,4
HuffPost,news.xinhuanet.com,1
HuffPost,news.yahoo.com,1
HuffPost,news10.net,1
HuffPost,newsone.com,1
HuffPost,newsweek.com,2
HuffPost,newyorker.com,1
HuffPost,nleomf.org,1
HuffPost,npr.org,1
HuffPost,nps.gov,1
HuffPost,nybooks.com,1
HuffPost,nydailynews.com,9
HuffPost,nytimes.com,103
HuffPost,occupy.com,1
HuffPost,occupyriverwest.com,1
HuffPost,ocregister.com,1
HuffPost,omaha.com,1
HuffPost,on.msnbc.com,1
HuffPost,online.wsj.com,7
HuffPost,oregonlive.com,1
HuffPost,pagesix.com,1
HuffPost,pbs.org,3
HuffPost,people-press.org,1
HuffPost,perspectivesonthenews.blogs.deseretnews.com,1
HuffPost,petitions.whitehouse.gov,1
HuffPost,pewsocialtrends.org,2
HuffPost,pfoa.co.uk,1
HuffPost,philly.com,1
HuffPost,pinetartinc.com,1
HuffPost,pinknews.co.uk,1
HuffPost,pix11.com,2
HuffPost,policestateusa.com,1
HuffPost,politico.com,4
HuffPost,poynter.org,1
HuffPost,prnewswire.com,1
HuffPost,providencejournal.com,1
HuffPost,psychologicalscience.org,1
HuffPost,publicpolicypolling.com,2
HuffPost,publicschoolshakedown.org,1
HuffPost,rawstory.com,2
HuffPost,rcfp.org,1
HuffPost,realclearpolicy.com,1
HuffPost,realclearpolitics.com,2
HuffPost,reason.com,4
HuffPost,refinery29.com,1
HuffPost,republicreport.org,1
HuffPost,researchgate.net,1
HuffPost,resurrectioninthecity.com,1
HuffPost,reuters.com,3
HuffPost,ronda-isms.com,1
HuffPost,rondaisms.kinja.com,1
HuffPost,roxanegay.tumblr.com,1
HuffPost,rt.com,2
HuffPost,safariland.com,2
HuffPost,saint-stephens.info,2
HuffPost,salon.com,8
HuffPost,samhsa.gov,1
HuffPost,scholar.harvard.edu,1
HuffPost,sciencedirect.com,1
HuffPost,scpr.org,2
HuffPost,scratch.mit.edu,1
HuffPost,scribd.com,2
HuffPost,scua.library.umass.edu,1
HuffPost,secure3.convio.net,1
HuffPost,senate.mo.gov,1
HuffPost,sentencingproject.org,1
HuffPost,silive.com,1
HuffPost,slate.com,2
HuffPost,sltrib.com,1
HuffPost,sojo.net,1
HuffPost,soundcloud.com,1
HuffPost,sparrowmedia.net,1
HuffPost,splcenter.org,1
HuffPost,spu.edu,1
HuffPost,startribune.com,1
HuffPost,steeringlaw.com,1
HuffPost,stlamerican.com,1
HuffPost,stlbeacon.org,1
HuffPost,stlfoodbank.org,1
HuffPost,stlouis.cbslocal.com,3
HuffPost,stltoday.com,33
HuffPost,stopstreetharassment.org,1
HuffPost,storify.com,1
HuffPost,suntimes.com,1
HuffPost,supreme.justia.com,1
HuffPost,surveyusa.com,1
HuffPost,sweetauburn.us,1
HuffPost,syracuse.com,1
HuffPost,t.co,5
HuffPost,talkingpointsmemo.com,2
HuffPost,tampabay.com,3
HuffPost,tbo.com,1
HuffPost,teamfoodpantry.com,2
HuffPost,tfr.faa.gov,1
HuffPost,theatlantic.com,5
HuffPost,theconcourse.deadspin.com,1
HuffPost,thedailybeast.com,6
HuffPost,thegrio.com,1
HuffPost,theguardian.com,4
HuffPost,thehill.com,3
HuffPost,thehothits.com,1
HuffPost,theiacp.org,1
HuffPost,theintercept.com,1
HuffPost,theledger.com,1
HuffPost,thenation.com,3
HuffPost,thenextweb.com,1
HuffPost,theonion.com,2
HuffPost,theroot.com,4
HuffPost,thestar.com,1
HuffPost,theverge.com,1
HuffPost,thevillager.com,1
HuffPost,thewire.com,4
HuffPost,thewrap.com,4
HuffPost,thinkprogress.org,3
HuffPost,thomas.loc.gov,1
HuffPost,thoughtcatalog.com,3
HuffPost,time.com,10
HuffPost,timesofisrael.com,1
HuffPost,today.duke.edu,1
HuffPost,today.yougov.com,8
HuffPost,tomdispatch.com,2
HuffPost,toxnet.nlm.nih.gov,1
HuffPost,traffic.pubexchange.com,5
HuffPost,transcripts.cnn.com,1
HuffPost,twitlonger.com,1
HuffPost,twitter.com,109
HuffPost,upenn.edu,1
HuffPost,uptownmagazine.com,1
HuffPost,upworthy.com,2
HuffPost,urbanhistorians.wordpress.com,1
HuffPost,urbanshield.org,1
HuffPost,usatoday.com,103
HuffPost,usatoday30.usatoday.com,1
HuffPost,usmagazine.com,1
HuffPost,usnews.com,1
HuffPost,usnews.newsvine.com,1
HuffPost,variety.com,1
HuffPost,veniceaction.blogspot.com,1
HuffPost,veritagiustizia.it,1
HuffPost,visiongain.com,1
HuffPost,vox.com,9
HuffPost,vulture.com,1
HuffPost,vvdailypress.com,1
HuffPost,washingtonmonthly.com,1
HuffPost,washingtonpost.com,54
HuffPost,washingtontimes.com,2
HuffPost,web.law.columbia.edu,2
HuffPost,whittierdailynews.com,1
HuffPost,wickedlocal.com,1
HuffPost,winnipegsun.com,1
HuffPost,wkbn.com,1
HuffPost,wltx.com,1
HuffPost,wncn.com,1
HuffPost,wnyc.org,1
HuffPost,womanpreach.net,1
HuffPost,wonkette.com,1
HuffPost,yahoo.com,1
HuffPost,youtu.be,1
HuffPost,youtube.com,11
Independent,amnestyusa.org,1
Independent,bbc.com,2
Independent,cbsnews.com,1
Independent,cms-ind.prod.indes.firstclarity.com,1
Independent,dispositionservices.dla.mil,1
Independent,examiner.com,1
Independent,independent.co.uk,29
Independent,indy100.independent.co.uk,3
Independent,livestream.com,1
Independent,msnbc.com,1
Independent,news.xinhuanet.com,1
Independent,nytimes.com,1
Independent,splcenter.org,1
Independent,stltoday.com,1
Independent,theguardian.com,3
Independent,thenation.com,1
Independent,time.com,1
Independent,twitter.com,6
LATimes,abcnews.go.com,1
LATimes,ago.mo.gov,1
LATimes,amazon.com,2
LATimes,amnestyusa.org,1
LATimes,archive.mid.ru,1
LATimes,articles.latimes.com,8
LATimes,artinamericamagazine.com,1
LATimes,bjs.gov,1
LATimes,blogs.telegraph.co.uk,1
LATimes,bookchin.net,1
LATimes,camstl.org,1
LATimes,citylab.com,1
LATimes,cubadebate.cu,1
LATimes,docs.google.com,1
LATimes,documents.latimes.com,4
LATimes,eluniversalmas.com.mx,1
LATimes,en.wikipedia.org,2
LATimes,facebook.com,2
LATimes,fbi.gov,1
LATimes,fivethirtyeight.com,1
LATimes,hiphopandpolitics.com,1
LATimes,hollywoodbowl.com,1
LATimes,innocentdown.org,1
LATimes,instagram.com,1
LATimes,justice.gov,1
LATimes,latimes.com,164
LATimes,latimesblogs.latimes.com,1
LATimes,mmqb.si.com,1
LATimes,moca.org,1
LATimes,monash.edu,1
LATimes,motherjones.com,1
LATimes,msn.com,1
LATimes,msnbc.com,2
LATimes,myweb.fsu.edu,1
LATimes,nationalactionnetwork.net,1
LATimes,newmuseum.org,1
LATimes,news.xinhuanet.com,1
LATimes,npr.org,1
LATimes,nytimes.com,2
LATimes,okhistory.org,1
LATimes,people-press.org,2
LATimes,pri.org,1
LATimes,samuelwalker.net,1
LATimes,soundcloud.com,1
LATimes,spdblotter.seattle.gov,1
LATimes,spiegel.de,1
LATimes,srilanka.usembassy.gov,1
LATimes,stltoday.com,2
LATimes,theroot.com,2
LATimes,time.com,4
LATimes,twitter.com,9
LATimes,ucpress.edu,1
LATimes,unclesams.com,1
LATimes,usatoday.com,1
LATimes,usnews.nbcnews.com,1
LATimes,vvdailypress.com,1
LATimes,welcometolace.org,1
LATimes,whitney.org,1
LATimes,youtube.com,2
MadameNoire,abcnews.go.com,1
MadameNoire,aclu-nj.org,1
MadameNoire,americanprogress.org,1
MadameNoire,big.assets.huffingtonpost.com,1
MadameNoire,bostonglobe.com,1
MadameNoire,buzzfeed.com,1
MadameNoire,change.org,2
MadameNoire,chicagopolice.org,1
MadameNoire,en.wikipedia.org,2
MadameNoire,facebook.com,2
MadameNoire,forharriet.com,1
MadameNoire,huffingtonpost.com,1
MadameNoire,instagram.com,4
MadameNoire,justice.gov,1
MadameNoire,kingencyclopedia.stanford.edu,1
MadameNoire,kmov.com,1
MadameNoire,ktla.com,1
MadameNoire,lapdonline.org,1
MadameNoire,latimes.com,1
MadameNoire,madamenoire.com,8
MadameNoire,mlk-kpp01.stanford.edu,1
MadameNoire,mommynoire.com,2
MadameNoire,motherjones.com,1
MadameNoire,mxgm.org,1
MadameNoire,nbcnews.com,1
MadameNoire,news.yahoo.com,1
MadameNoire,nola.com,1
MadameNoire,nydailynews.com,1
MadameNoire,nytimes.com,3
MadameNoire,philly.com,1
MadameNoire,pinetartinc.com,1
MadameNoire,rollingstone.com,1
MadameNoire,soundcloud.com,3
MadameNoire,talkingpointsmemo.com,1
MadameNoire,theatlantic.com,1
MadameNoire,thegrio.com,1
MadameNoire,time.com,1
MadameNoire,twitlonger.com,1
MadameNoire,twitter.com,4
MadameNoire,usatoday.com,1
MadameNoire,vibe.com,1
MadameNoire,washingtonpost.com,1
MadameNoire,whitehouse.gov,1
MadameNoire,youtube.com,2
Mashable,abc15.com,2
Mashable,abcnews.go.com,1
Mashable,ago.mo.gov,1
Mashable,alko.fi,1
Mashable,archive.columbiatribune.com,1
Mashable,asne.org,1
Mashable,atf.gov,3
Mashable,blogs.wsj.com,1
Mashable,books.google.com,1
Mashable,britishpathe.com,1
Mashable,buzzfeed.com,1
Mashable,cbsnews.com,1
Mashable,cnn.com,4
Mashable,columbiatribune.com,1
Mashable,content-static.armytimes.com,1
Mashable,content.time.com,1
Mashable,csmonitor.com,1
Mashable,dailymail.co.uk,1
Mashable,dispositionservices.dla.mil,1
Mashable,evap.mashable.com,2
Mashable,facebook.com,1
Mashable,feministajones.com,2
Mashable,fox2now.com,5
Mashable,governor.mo.gov,1
Mashable,huffingtonpost.com,2
Mashable,ibtimes.com,1
Mashable,justice.gov,3
Mashable,kbia.org,1
Mashable,kmov.com,1
Mashable,krdo.com,1
Mashable,lacyclay.house.gov,1
Mashable,latimesblogs.latimes.com,1
Mashable,legacy.fordham.edu,1
Mashable,livestream.com,1
Mashable,mashable.com,55
Mashable,nbcnews.com,4
Mashable,newrepublic.com,5
Mashable,newsobserver.com,1
Mashable,nymag.com,1
Mashable,nytimes.com,14
Mashable,pastebin.com,2
Mashable,petitions.moveon.org,1
Mashable,poynter.org,1
Mashable,reuters.com,1
Mashable,scribd.com,3
Mashable,stltoday.com,11
Mashable,storify.com,1
Mashable,talkingpointsmemo.com,1
Mashable,tfr.faa.gov,1
Mashable,theroot.com,1
Mashable,thewire.com,1
Mashable,time.com,2
Mashable,trumanlibrary.org,1
Mashable,twitter.com,82
Mashable,usatoday.com,2
Mashable,usatoday30.usatoday.com,1
Mashable,ustream.tv,2
Mashable,variety.com,1
Mashable,warhistoryonline.com,1
Mashable,washingtonpost.com,8
Mashable,wired.com,2
Mashable,youtube.com,1
Mic,aclu.org,7
Mic,ago.mo.gov,1
Mic,aljazeera.com,1
Mic,america.aljazeera.com,1
Mic,bigstory.ap.org,2
Mic,bjs.gov,1
Mic,blackyouthproject.com,1
Mic,breitbart.com,2
Mic,buzzfeed.com,2
Mic,cbsnews.com,1
Mic,civilrights.org,1
Mic,cnbc.com,1
Mic,cnn.com,1
Mic,colorlines.com,1
Mic,content.usatoday.com,1
Mic,cops.usdoj.gov,1
Mic,dailydot.com,2
Mic,dailymotion.com,1
Mic,deadspin.com,1
Mic,democracynow.org,1
Mic,diversityinc.com,1
Mic,dreamville.com,1
Mic,economist.com,1
Mic,everydayfeminism.com,1
Mic,facebook.com,2
Mic,fbi.gov,1
Mic,feminspire.com,1
Mic,fox2now.com,2
Mic,gallup.com,2
Mic,gawker.com,7
Mic,globalresearch.ca,1
Mic,gofundme.com,1
Mic,gwu.edu,1
Mic,huffingtonpost.com,8
Mic,ky3.com,1
Mic,latimes.com,6
Mic,latimesblogs.latimes.com,1
Mic,laweekly.com,1
Mic,library.uoregon.edu,1
Mic,local10.com,1
Mic,mashable.com,2
Mic,mediaite.com,1
Mic,mediamatters.org,1
Mic,miamiherald.com,1
Mic,mic.com,34
Mic,motherjones.com,2
Mic,msnbc.com,1
Mic,mvgl.tumblr.com,1
Mic,nbcnews.com,1
Mic,newyorker.com,2
Mic,npr.org,1
Mic,nydailynews.com,1
Mic,nytimes.com,11
Mic,pbs.org,3
Mic,people-press.org,2
Mic,politico.com,2
Mic,postbourgie.com,1
Mic,psychologytoday.com,1
Mic,reuters.com,2
Mic,salon.com,2
Mic,sentencingproject.org,1
Mic,slate.com,2
Mic,stltoday.com,2
Mic,t.co,1
Mic,thedailybanter.com,1
Mic,thedailybeast.com,5
Mic,thegrio.com,1
Mic,theguardian.com,1
Mic,thenation.com,1
Mic,theroot.com,2
Mic,thestate.com,1
Mic,thewire.com,1
Mic,thinkprogress.org,2
Mic,time.com,1
Mic,tolerance.org,1
Mic,truthdig.com,1
Mic,twitter.com,32
Mic,usatoday.com,7
Mic,vice.com,1
Mic,vine.co,2
Mic,vox.com,7
Mic,washingtonpost.com,12
Mic,wired.com,1
Mic,yahoo.com,1
Mic,youtube.com,5
Mirror,facebook.com,1
Mirror,mirror.co.uk,23
Mirror,nytimes.com,1
Mlive,detroitnews.com,1
Mlive,facebook.com,1
Mlive,instagram.com,1
Mlive,mlive.com,4
Mlive,topics.mlive.com,2
Mlive,twitter.com,3
Mlive,wxyz.com,1
NBC,articles.chicagotribune.com,1
NBC,comptroller.defense.gov,1
NBC,dispositionservices.dla.mil,1
NBC,dreamville.com,1
NBC,dsca.mil,1
NBC,eff.org,1
NBC,facebook.com,4
NBC,feministajones.com,1
NBC,gawker.com,1
NBC,governor.mo.gov,3
NBC,hawaiinewsnow.com,1
NBC,hrw.org,1
NBC,independent.co.uk,1
NBC,ksbw.com,1
NBC,ksdk.com,15
NBC,latimes.com,1
NBC,legacy.ksdk.com,1
NBC,motorsports.nbcsports.com,1
NBC,mprnews.org,1
NBC,msnbc.com,11
NBC,msnbcmedia.msn.com,5
NBC,nationaljournal.com,1
NBC,nba.nbcsports.com,1
NBC,nbcnews.com,274
NBC,nbcnewyork.com,3
NBC,ncapaonline.org,1
NBC,news.msn.com,1
NBC,news.yahoo.com,1
NBC,newsweek.com,1
NBC,nij.gov,1
NBC,normstamper.com,1
NBC,npr.org,1
NBC,nytimes.com,2
NBC,online.wsj.com,1
NBC,petitions.whitehouse.gov,1
NBC,scholarship.law.marquette.edu,1
NBC,soundcloud.com,1
NBC,storify.com,2
NBC,support.twitter.com,1
NBC,thecalifornian.com,2
NBC,thegrio.com,1
NBC,thenation.com,1
NBC,time.com,2
NBC,today.com,6
NBC,twitter.com,11
NBC,usatoday.com,1
NBC,vasugi.com,1
NBC,wdsu.com,1
NBC,youtube.com,1
NJ,nj.com,3
NJ,reuters.com,1
NPR,aclu-mo.org,2
NPR,ago.mo.gov,1
NPR,amnestyusa.org,1
NPR,bigstory.ap.org,1
NPR,cops.usdoj.gov,1
NPR,fergflor.org,2
NPR,fingersonblast.com,1
NPR,fox2now.com,2
NPR,governor.mo.gov,1
NPR,huffingtonpost.com,2
NPR,jezebel.com,1
NPR,justice.gov,1
NPR,ksdk.com,2
NPR,latimes.com,3
NPR,mashable.com,1
NPR,msnbc.com,3
NPR,nationalreview.com,1
NPR,nbcnews.com,2
NPR,news.blogs.nytimes.com,1
NPR,news.stlpublicradio.org,8
NPR,newsweek.com,2
NPR,npr.org,57
NPR,nyc.gov,1
NPR,nydailynews.com,1
NPR,nymag.com,2
NPR,nytimes.com,15
NPR,pbs.twimg.com,1
NPR,people-press.org,1
NPR,politicmo.com,1
NPR,poynter.org,1
NPR,practicaltheory.org,2
NPR,press.gettyimages.com,1
NPR,realtime.billboard.com,1
NPR,redstate.com,1
NPR,rollingstone.com,1
NPR,s3.amazonaws.com,1
NPR,scienceleadership.org,1
NPR,slate.com,5
NPR,stltoday.com,9
NPR,thewire.com,1
NPR,thisamericanlife.org,1
NPR,time.com,3
NPR,twitlonger.com,1
NPR,twitter.com,15
NPR,ucpress.edu,1
NPR,usatoday.com,3
NPR,usnews.com,1
NPR,vox.com,1
NPR,washingtonpost.com,5
NPR,wnpr.org,1
NPR,wsj.com,1
NPR,youtube.com,13
NPR,zapkolik.com,1
NYDailyNews,abcnews.go.com,1
NYDailyNews,cms.sbcounty.gov,1
NYDailyNews,facebook.com,2
NYDailyNews,fbi.gov,1
NYDailyNews,kctv5.com,3
NYDailyNews,nbclosangeles.com,1
NYDailyNews,news.yahoo.com,2
NYDailyNews,nydailynews.com,9
NYDailyNews,scpr.org,1
NYDailyNews,stockholmpride.org,1
NYDailyNews,time.com,1
NYDailyNews,transcripts.cnn.com,1
NYDailyNews,twitter.com,3
NYDailyNews,usatoday.com,2
NYDailyNews,vvdailypress.com,3
NYDailyNews,washingtonpost.com,1
NYDailyNews,youtube.com,3
NYPost,facebook.com,1
NYPost,nypost.com,41
NYPost,thegatewaypundit.com,1
NYPost,twitter.com,9
NYPost,usatoday.com,1
NYPost,washingtonpost.com,2
NYTimes,abcnews.go.com,2
NYTimes,aclu-mo.org,1
NYTimes,aclu.org,4
NYTimes,afi.com,1
NYTimes,ago.mo.gov,2
NYTimes,archives.gov,1
NYTimes,articles.latimes.com,1
NYTimes,articles.philly.com,1
NYTimes,artsbeat.blogs.nytimes.com,1
NYTimes,bbc.com,1
NYTimes,bcdownload.gannett.edgesuite.net,1
NYTimes,bettertogetherstl.com,1
NYTimes,billions-and-billions.com,1
NYTimes,bkmag.com,1
NYTimes,blackyouthproject.com,1
NYTimes,blogs.riverfronttimes.com,2
NYTimes,blogs.villagevoice.com,1
NYTimes,blogs.wsj.com,1
NYTimes,bloomberg.com,1
NYTimes,bls.gov,1
NYTimes,books.google.com,1
NYTimes,breitbart.com,1
NYTimes,brookings.edu,2
NYTimes,cdn.worldheritage.org,1
NYTimes,census.gov,2
NYTimes,chicagofed.org,1
NYTimes,citylab.com,1
NYTimes,civilrightsmuseum.org,1
NYTimes,civilrightsproject.ucla.edu,1
NYTimes,cjmasters.eku.edu,1
NYTimes,cnn.com,2
NYTimes,colorlines.com,1
NYTimes,counterpunch.org,1
NYTimes,crainsnewyork.com,1
NYTimes,daytondailynews.com,1
NYTimes,dealbook.nytimes.com,1
NYTimes,deathandtaxesmag.com,1
NYTimes,democraticleader.gov,1
NYTimes,docs.google.com,1
NYTimes,douthat.blogs.nytimes.com,3
NYTimes,dps.mo.gov,1
NYTimes,dreamvillain.net,1
NYTimes,ed.gov,1
NYTimes,en.itar-tass.com,1
NYTimes,en.wikipedia.org,1
NYTimes,english.ahram.org.eg,1
NYTimes,facebook.com,7
NYTimes,fas.org,1
NYTimes,fergflor.org,1
NYTimes,flamewarriorsguide.com,1
NYTimes,flickr.com,1
NYTimes,forbes.com,1
NYTimes,fox2now.com,2
NYTimes,foxnews.com,1
NYTimes,github.com,2
NYTimes,goo.gl,1
NYTimes,governor.mo.gov,3
NYTimes,hempfest.org,1
NYTimes,history.state.gov,1
NYTimes,hotair.com,1
NYTimes,huffingtonpost.com,3
NYTimes,hulu.com,1
NYTimes,imdb.com,2
NYTimes,imgur.com,1
NYTimes,instagram.com,3
NYTimes,intransit.blogs.nytimes.com,1
NYTimes,itunes.apple.com,2
NYTimes,jezebel.com,2
NYTimes,jta.org,1
NYTimes,justice.gov,5
NYTimes,kctv5.com,2
NYTimes,ksdk.com,3
NYTimes,latimes.com,1
NYTimes,law2.umkc.edu,1
NYTimes,learning.blogs.nytimes.com,5
NYTimes,ling.lancs.ac.uk,1
NYTimes,m.youtube.com,1
NYTimes,mappingdecline.lib.uiowa.edu,1
NYTimes,mayorslay.com,1
NYTimes,mcclatchydc.com,1
NYTimes,medium.com,1
NYTimes,miamiherald.com,1
NYTimes,motherjones.com,1
NYTimes,msnbc.com,3
NYTimes,nationaljournal.com,1
NYTimes,nationalreview.com,1
NYTimes,nbcnews.com,3
NYTimes,nber.org,1
NYTimes,new.livestream.com,2
NYTimes,newrepublic.com,2
NYTimes,news.blogs.nytimes.com,1
NYTimes,news.stlpublicradio.org,1
NYTimes,news.xinhuanet.com,4
NYTimes,newyorker.com,1
NYTimes,nextcity.org,1
NYTimes,nycedc.com,1
NYTimes,nyclu.org,1
NYTimes,nymag.com,1
NYTimes,nyti.ms,2
NYTimes,nytimes.com,132
NYTimes,online.wsj.com,1
NYTimes,onlinelibrary.wiley.com,1
NYTimes,pbs.twimg.com,1
NYTimes,pewresearch.org,1
NYTimes,phillymag.com,1
NYTimes,poetryfoundation.org,1
NYTimes,policeforum.org,1
NYTimes,poynter.org,1
NYTimes,press.uchicago.edu,1
NYTimes,psmag.com,2
NYTimes,publicaffairsbooks.com,1
NYTimes,query.nytimes.com,18
NYTimes,qz.com,1
NYTimes,realclearpolitics.com,1
NYTimes,redstate.com,1
NYTimes,rendezvous.blogs.nytimes.com,1
NYTimes,roanoke.com,1
NYTimes,rockhall.com,1
NYTimes,s4.brown.edu,2
NYTimes,si.wsj.net,1
NYTimes,sinosphere.blogs.nytimes.com,1
NYTimes,sketchfactor.com,1
NYTimes,slate.com,1
NYTimes,socsci.umn.edu,1
NYTimes,soundcloud.com,2
NYTimes,splcenter.org,1
NYTimes,stateimpact.npr.org,1
NYTimes,stlouis.cbslocal.com,1
NYTimes,stltoday.com,9
NYTimes,takingnote.blogs.nytimes.com,1
NYTimes,talkingpointsmemo.com,1
NYTimes,text-patterns.thenewatlantis.com,1
NYTimes,theblaze.com,1
NYTimes,thedailybeast.com,3
NYTimes,thefederalist.com,1
NYTimes,thehill.com,1
NYTimes,thelede.blogs.nytimes.com,4
NYTimes,theledger.com,1
NYTimes,thenation.com,1
NYTimes,thinkexist.com,1
NYTimes,time.com,12
NYTimes,today.yougov.com,1
NYTimes,topics.nytimes.com,21
NYTimes,twitter.com,60
NYTimes,ucpress.edu,1
NYTimes,ucrdatatool.gov,1
NYTimes,usatoday.com,3
NYTimes,uscourts.gov,1
NYTimes,usnews.nbcnews.com,1
NYTimes,valleywag.gawker.com,1
NYTimes,vesti.ru,1
NYTimes,vibe.com,1
NYTimes,vox.com,3
NYTimes,washingtonpost.com,12
NYTimes,wciconferences.com,1
NYTimes,weibo.com,1
NYTimes,whitehouse.gov,3
NYTimes,womenandpolicing.com,1
NYTimes,youtu.be,1
NYTimes,youtube.com,4
NYTimes,zachseward.com,1
NewsOne,blogs.indiewire.com,1
NewsOne,cantonrep.com,1
NewsOne,cnn.com,1
NewsOne,dailyfinance.com,1
NewsOne,docs.google.com,1
NewsOne,douthat.blogs.nytimes.com,1
NewsOne,feministing.com,1
NewsOne,google.com,2
NewsOne,hlntv.com,1
NewsOne,hot1041stl.com,2
NewsOne,hot1079philly.com,1
NewsOne,huffingtonpost.com,6
NewsOne,ktla.com,1
NewsOne,madamenoire.com,1
NewsOne,msnbc.com,1
NewsOne,news.yahoo.com,2
NewsOne,newsone.com,11
NewsOne,nytimes.com,2
NewsOne,on.msnbc.com,1
NewsOne,pitchfork.com,1
NewsOne,rawstory.com,2
NewsOne,rickeysmileymorningshow.com,18
NewsOne,scpr.org,1
NewsOne,stltoday.com,2
NewsOne,talkingpointsmemo.com,1
NewsOne,theatlantic.com,3
NewsOne,thedailybeast.com,1
NewsOne,thegrio.com,1
NewsOne,theroot.com,1
NewsOne,theurbandaily.com,4
NewsOne,twitter.com,6
NewsOne,usatoday.com,1
NewsOne,washingtonpost.com,3
NewsOne,whitehouse.gov,1
NewsOne,youtube.com,1
SFGate,sfgate.com,6
Salon,abc7chicago.com,1
Salon,abcnews.go.com,2
Salon,aclu.org,6
Salon,ago.mo.gov,1
Salon,ajc.com,1
Salon,al.com,1
Salon,aljazeera.com,1
Salon,alternet.org,3
Salon,amazon.com,3
Salon,articles.latimes.com,1
Salon,articles.orlandosentinel.com,1
Salon,bigstory.ap.org,1
Salon,blackandbrownnews.com,1
Salon,blog.nj.com,1
Salon,blog.phillypolice.com,1
Salon,blogs.riverfronttimes.com,1
Salon,bloomberg.com,1
Salon,books.google.com,2
Salon,bostonreview.net,1
Salon,bradblog.com,8
Salon,breitbart.com,3
Salon,businessinsider.com,2
Salon,buzzfeed.com,1
Salon,cbs46.com,1
Salon,chaunceydevega.com,1
Salon,chicagotribune.com,1
Salon,clickhole.com,1
Salon,cnn.com,9
Salon,colorlines.com,2
Salon,cops.usdoj.gov,6
Salon,cornellpress.cornell.edu,1
Salon,crimeblog.dallasnews.com,1
Salon,dailycaller.com,1
Salon,dailydot.com,1
Salon,damemagazine.com,1
Salon,davidsimon.com,1
Salon,dispositionservices.dla.mil,3
Salon,economist.com,1
Salon,edition.cnn.com,2
Salon,ellentv.com,1
Salon,en.wikipedia.org,8
Salon,espn.go.com,1
Salon,facebook.com,1
Salon,fairandimpartialpolicing.com,1
Salon,fas.org,1
Salon,firstlook.org,1
Salon,forbes.com,1
Salon,fox2now.com,1
Salon,fox4kc.com,1
Salon,foxnews.com,2
Salon,gawker.com,4
Salon,gothamist.com,1
Salon,hankjohnson.house.gov,1
Salon,hellobeautiful.com,1
Salon,http,1
Salon,huffingtonpost.com,18
Salon,ibtimes.com,1
Salon,imgur.com,1
Salon,infowars.com,1
Salon,jstor.org,1
Salon,justice.gov,1
Salon,kansascity.com,1
Salon,ksdk.com,5
Salon,ktla.com,2
Salon,kxly.com,1
Salon,latimes.com,6
Salon,latinainstitute.org,1
Salon,le.utah.gov,1
Salon,lens.blogs.nytimes.com,1
Salon,liveleak.com,1
Salon,lsd-journal.net,1
Salon,mashable.com,1
Salon,mediaite.com,2
Salon,mediamatters.org,1
Salon,mlive.com,2
Salon,msnbc.com,15
Salon,nationaljournal.com,1
Salon,nbcnews.com,5
Salon,ncja.org,1
Salon,ncjrs.gov,2
Salon,ncpc.org,1
Salon,ncsc.org,1
Salon,neverisapromise.com,1
Salon,neweconomicperspectives.org,1
Salon,newrepublic.com,2
Salon,news.stlpublicradio.org,3
Salon,news.yahoo.com,1
Salon,newsday.com,1
Salon,newsone.com,4
Salon,newyorker.com,1
Salon,nps.gov,1
Salon,nyclu.org,1
Salon,nydailynews.com,1
Salon,nymag.com,2
Salon,nytimes.com,15
Salon,occupy.com,1
Salon,online.wsj.com,2
Salon,pbs.org,2
Salon,people-press.org,2
Salon,perspectivesonthenews.blogs.deseretnews.com,1
Salon,pewsocialtrends.org,1
Salon,pitchfork.com,1
Salon,policechiefmagazine.org,1
Salon,politico.com,6
Salon,politics.blog.ajc.com,1
Salon,probasketballtalk.nbcsports.com,1
Salon,pulitzer.org,1
Salon,rawstory.com,3
Salon,reason.com,2
Salon,rhrealitycheck.org,1
Salon,rt.com,3
Salon,s4.brown.edu,1
Salon,salon.com,34
Salon,samhsa.gov,1
Salon,sbnation.com,1
Salon,si.com,1
Salon,sisterreach.org,1
Salon,slate.com,3
Salon,sltrib.com,1
Salon,splcenter.org,1
Salon,sports.yahoo.com,1
Salon,stltoday.com,9
Salon,talkingpointsmemo.com,6
Salon,tampabay.com,3
Salon,theatlantic.com,3
Salon,thedailybeast.com,3
Salon,thefederalist.com,1
Salon,thefrisky.com,1
Salon,theguardian.com,6
Salon,thehill.com,2
Salon,theintercept.com,1
Salon,thenation.com,5
Salon,theonion.com,1
Salon,theprisonbirthproject.org,1
Salon,theweek.com,1
Salon,thewire.com,2
Salon,thinkprogress.org,2
Salon,time.com,6
Salon,tomdispatch.com,1
Salon,touch.latimes.com,1
Salon,trymaineleemsnbc.people.msnbc.com,1
Salon,twitter.com,44
Salon,uhu.es,1
Salon,urbandictionary.com,1
Salon,usatoday.com,7
Salon,usnews.com,1
Salon,vera.org,1
Salon,video.foxnews.com,1
Salon,vine.co,2
Salon,vox.com,2
Salon,washingtonpost.com,12
Salon,wctv.tv,1
Salon,web.stanford.edu,1
Salon,whitehouse.gov,1
Salon,wltx.com,1
Salon,wtfpod.com,1
Salon,youtu.be,1
Salon,youtube.com,15
Slate,abcnews.go.com,3
Slate,aclu.org,1
Slate,ago.mo.gov,1
Slate,amazon.com,4
Slate,apa.org,1
Slate,articles.philly.com,1
Slate,asr.sagepub.com,1
Slate,ballotpedia.org,1
Slate,bettertogetherstl.com,1
Slate,bigstory.ap.org,1
Slate,bloggingblackmiami.com,1
Slate,bloomberg.com,1
Slate,breitbart.com,2
Slate,businessinsider.com,4
Slate,capitalnewyork.com,1
Slate,cato.org,1
Slate,cbc.ca,1
Slate,cbsnews.com,1
Slate,cdc.gov,1
Slate,cleveland.com,1
Slate,cnn.com,1
Slate,coburn.senate.gov,1
Slate,colorlines.com,1
Slate,content.time.com,1
Slate,copblock.org,1
Slate,courthousenews.com,1
Slate,darkroom.baltimoresun.com,1
Slate,documents.latimes.com,1
Slate,economist.com,1
Slate,ed.gov,1
Slate,edition.cnn.com,1
Slate,facebook.com,1
Slate,feeds.feedburner.com,2
Slate,fivethirtyeight.com,1
Slate,gizmag.com,1
Slate,hanfordsentinel.com,1
Slate,hks.harvard.edu,1
Slate,hosted.ap.org,2
Slate,hotair.com,1
Slate,huffingtonpost.com,2
Slate,hwcdn.libsyn.com,2
Slate,itunes.apple.com,2
Slate,kmov.com,2
Slate,ksdk.com,2
Slate,ktla.com,1
Slate,latimes.com,2
Slate,law2.umkc.edu,1
Slate,legacy.9news.com,1
Slate,legacy.ksdk.com,1
Slate,livestream.com,1
Slate,lradx.com,2
Slate,m.stltoday.com,1
Slate,mappingdecline.lib.uiowa.edu,1
Slate,money.cnn.com,1
Slate,montereycountyweekly.com,1
Slate,motherjones.com,1
Slate,msn.com,1
Slate,msnbc.com,4
Slate,nacole.org,1
Slate,nationalreview.com,2
Slate,nbcnews.com,3
Slate,newrepublic.com,1
Slate,newsmax.com,1
Slate,newsweek.com,1
Slate,newyorker.com,2
Slate,nydailynews.com,1
Slate,nymag.com,1
Slate,nytimes.com,14
Slate,opensocietyfoundations.org,1
Slate,oyez.org,1
Slate,pinetartinc.com,1
Slate,play.google.com,1
Slate,politicmo.com,1
Slate,politico.com,1
Slate,rawstory.com,1
Slate,reuters.com,1
Slate,s4.brown.edu,1
Slate,samuelwalker.net,2
Slate,scholarlycommons.law.northwestern.edu,1
Slate,slate.com,39
Slate,soundcloud.com,1
Slate,stlouis.cbslocal.com,1
Slate,stltoday.com,9
Slate,storyleak.com,1
Slate,talkingpointsmemo.com,1
Slate,ted.com,1
Slate,theatlantic.com,1
Slate,thecrimereport.org,1
Slate,thedailybeast.com,1
Slate,theguardian.com,1
Slate,time.com,2
Slate,twitter.com,15
Slate,umsl.edu,1
Slate,usatoday.com,2
Slate,vox.com,4
Slate,washingtonexaminer.com,1
Slate,washingtonpost.com,11
Slate,washingtontimes.com,1
Slate,wnd.com,1
Slate,youtube.com,1
TechCrunch,beaconreader.com,6
TechCrunch,google.com,1
TechCrunch,huffingtonpost.com,1
TechCrunch,mediagazer.com,1
TechCrunch,newsweek.com,1
TechCrunch,support.twitter.com,1
TechCrunch,techcrunch.com,2
TechCrunch,twitter.com,3
Telegraph,hitfix.com,1
Telegraph,jezebel.com,1
Telegraph,livestream.com,1
Telegraph,telegraph.co.uk,20
Telegraph,thedailybeast.com,1
Telegraph,time.com,1
Telegraph,twitter.com,4
TheAtlantic,aapsonline.org,1
TheAtlantic,aclu.org,3
TheAtlantic,albany.edu,2
TheAtlantic,aljazeera.com,1
TheAtlantic,amazon.com,2
TheAtlantic,amistadresource.org,1
TheAtlantic,amnesty.org,1
TheAtlantic,archive.org,1
TheAtlantic,articles.latimes.com,2
TheAtlantic,barnesandnoble.com,1
TheAtlantic,blacklikemoi.com,1
TheAtlantic,bmj.com,1
TheAtlantic,books.google.co.uk,2
TheAtlantic,boston.com,1
TheAtlantic,breakingbrown.com,1
TheAtlantic,breitbart.com,1
TheAtlantic,buzzfeed.com,1
TheAtlantic,cato-unbound.org,1
TheAtlantic,cbsnews.com,1
TheAtlantic,charlestonchronicle.net,1
TheAtlantic,congress.gov,1
TheAtlantic,content.time.com,1
TheAtlantic,criminaldefenselawyer.com,1
TheAtlantic,dailykos.com,1
TheAtlantic,disastercenter.com,1
TheAtlantic,douthat.blogs.nytimes.com,1
TheAtlantic,en.wikipedia.org,7
TheAtlantic,espn.go.com,1
TheAtlantic,esquire.com,1
TheAtlantic,facebook.com,2
TheAtlantic,fergusoncity.com,1
TheAtlantic,fultonhistory.com,1
TheAtlantic,gao.gov,1
TheAtlantic,gizmodo.com,1
TheAtlantic,govtrack.us,1
TheAtlantic,grantland.com,1
TheAtlantic,healthland.time.com,1
TheAtlantic,huffingtonpost.com,3
TheAtlantic,icrc.org,1
TheAtlantic,iftheygunnedmedown.tumblr.com,2
TheAtlantic,its.law.nyu.edu,1
TheAtlantic,justice.gov,1
TheAtlantic,knowyourmeme.com,1
TheAtlantic,latimes.com,1
TheAtlantic,legacy.ksdk.com,2
TheAtlantic,marketwatch.com,1
TheAtlantic,mashable.com,1
TheAtlantic,mobile.nytimes.com,3
TheAtlantic,moga.mo.gov,1
TheAtlantic,montgomeryadvertiser.com,1
TheAtlantic,mrconservative.com,1
TheAtlantic,msnbc.com,1
TheAtlantic,naacp.org,1
TheAtlantic,nationaljournal.com,2
TheAtlantic,newrepublic.com,2
TheAtlantic,news.google.com,1
TheAtlantic,newsone.com,1
TheAtlantic,newsweek.com,1
TheAtlantic,newyorker.com,2
TheAtlantic,nydailynews.com,1
TheAtlantic,nymag.com,2
TheAtlantic,nytimes.com,13
TheAtlantic,ohchr.org,1
TheAtlantic,opcw.org,1
TheAtlantic,parsac.org,1
TheAtlantic,physiciansforhumanrights.org,1
TheAtlantic,policecomplaints.dc.gov,2
TheAtlantic,policingequity.org,1
TheAtlantic,poynter.org,1
TheAtlantic,psmag.com,1
TheAtlantic,realclearpolitics.com,1
TheAtlantic,reason.com,2
TheAtlantic,reuters.com,1
TheAtlantic,s4.brown.edu,1
TheAtlantic,spin.com,1
TheAtlantic,state.gov,1
TheAtlantic,stltoday.com,1
TheAtlantic,theatlantic.com,20
TheAtlantic,thedailybeast.com,2
TheAtlantic,thefederalist.com,1
TheAtlantic,theguardian.com,3
TheAtlantic,theintercept.com,1
TheAtlantic,thewire.com,1
TheAtlantic,thinkprogress.org,1
TheAtlantic,thisamericanlife.org,1
TheAtlantic,time.com,3
TheAtlantic,timesmachine.nytimes.com,1
TheAtlantic,twitter.com,7
TheAtlantic,view.earthchannel.com,1
TheAtlantic,vimeo.com,1
TheAtlantic,visiongain.com,1
TheAtlantic,washingtonmonthly.com,1
TheAtlantic,washingtonpost.com,15
TheAtlantic,youtube.com,10
TheBlaze,abcnews.go.com,1
TheBlaze,amazon.com,1
TheBlaze,argusnewsnow.com,1
TheBlaze,articles.chicagotribune.com,1
TheBlaze,benjaminfcarlson.com,1
TheBlaze,bigstory.ap.org,2
TheBlaze,bjs.gov,1
TheBlaze,businessinsider.com,3
TheBlaze,cato.org,2
TheBlaze,cnn.com,7
TheBlaze,commdiginews.com,1
TheBlaze,cops.usdoj.gov,1
TheBlaze,crooksandliars.com,1
TheBlaze,dailycaller.com,1
TheBlaze,dailymail.co.uk,1
TheBlaze,danaloeschradio.com,3
TheBlaze,duanelester.com,2
TheBlaze,ewtn.com,2
TheBlaze,facebook.com,4
TheBlaze,fbi.gov,3
TheBlaze,fox2now.com,6
TheBlaze,foxnews.com,1
TheBlaze,huffingtonpost.com,3
TheBlaze,i2.cdn.turner.com,1
TheBlaze,kmov.com,1
TheBlaze,ksdk.com,2
TheBlaze,ktrs.com,1
TheBlaze,ktvu.com,1
TheBlaze,law.cornell.edu,1
TheBlaze,mariettatimes.com,1
TheBlaze,mashable.com,1
TheBlaze,mediaite.com,3
TheBlaze,nytimes.com,2
TheBlaze,philly.com,2
TheBlaze,prisonplanet.com,1
TheBlaze,realclearpolitics.com,1
TheBlaze,reason.com,1
TheBlaze,reuters.com,1
TheBlaze,revcom.us,1
TheBlaze,screen.yahoo.com,1
TheBlaze,slate.com,1
TheBlaze,statisticbrain.com,1
TheBlaze,stlouis.cbslocal.com,1
TheBlaze,stltoday.com,1
TheBlaze,theblaze.com,79
TheBlaze,theconcourse.deadspin.com,1
TheBlaze,theconservativetreehouse.com,1
TheBlaze,thedailybeast.com,6
TheBlaze,thedesk.matthewkeys.net,1
TheBlaze,thelead.blogs.cnn.com,2
TheBlaze,thesmokinggun.com,1
TheBlaze,time.com,2
TheBlaze,townhall.com,1
TheBlaze,truthrevolt.org,2
TheBlaze,twitter.com,5
TheBlaze,usatoday.com,3
TheBlaze,ushistory.org,1
TheBlaze,video.foxnews.com,1
TheBlaze,washingtonpost.com,6
TheBlaze,wsj.com,1
TheBlaze,youtube.com,2
TheRoot,48hills.org,1
TheRoot,aaldef.org,1
TheRoot,abcnews.go.com,2
TheRoot,alldigitocracy.org,1
TheRoot,alternet.org,1
TheRoot,amazon.com,1
TheRoot,america.aljazeera.com,1
TheRoot,americanprogress.org,1
TheRoot,americawakiewakie.com,1
TheRoot,apme.com,1
TheRoot,asne.org,1
TheRoot,bigstory.ap.org,5
TheRoot,blackamericaweb.com,1
TheRoot,blackcollegian.com,1
TheRoot,blackgirldangerous.org,1
TheRoot,blackpressusa.com,1
TheRoot,blackyouthproject.com,1
TheRoot,blog.angryasianman.com,1
TheRoot,boston.com,1
TheRoot,buzzfeed.com,2
TheRoot,c-span.org,2
TheRoot,cbc.fudge.house.gov,1
TheRoot,cbcfinc.org,1
TheRoot,cbsnews.com,3
TheRoot,chicagotribune.com,1
TheRoot,cjr.org,2
TheRoot,cnn.com,3
TheRoot,dailymail.co.uk,1
TheRoot,eastpointpeace.org,1
TheRoot,en.wikipedia.org,4
TheRoot,essence.com,1
TheRoot,eurweb.com,1
TheRoot,everyday-democracy.org,1
TheRoot,facebook.com,6
TheRoot,facingrace.raceforward.org,1
TheRoot,fox2now.com,2
TheRoot,foxnews.com,1
TheRoot,fusion.net,1
TheRoot,globalgrind.com,1
TheRoot,gofundme.com,5
TheRoot,hosted.ap.org,1
TheRoot,huffingtonpost.com,6
TheRoot,jimromenesko.com,1
TheRoot,kingencyclopedia.stanford.edu,1
TheRoot,kmov.com,1
TheRoot,ksdk.com,2
TheRoot,kshb.com,1
TheRoot,ktla.com,2
TheRoot,laprogressive.com,1
TheRoot,latimes.com,4
TheRoot,latinorebels.com,1
TheRoot,madamenoire.com,1
TheRoot,mcclatchydc.com,1
TheRoot,mediabistro.com,1
TheRoot,mije.org,4
TheRoot,motherjones.com,1
TheRoot,msnbc.com,5
TheRoot,mysharona1987.tumblr.com,1
TheRoot,nabj.site-ym.com,2
TheRoot,nahj.org,1
TheRoot,nahjconvention.org,1
TheRoot,nbcphiladelphia.com,1
TheRoot,nbcsl.org,1
TheRoot,newjimcrow.com,1
TheRoot,news.stlpublicradio.org,1
TheRoot,news.yahoo.com,1
TheRoot,newseum.org,1
TheRoot,newspaperlayoffs.com,1
TheRoot,newyork.cbslocal.com,1
TheRoot,newyorker.com,2
TheRoot,npr.org,1
TheRoot,nydailynews.com,6
TheRoot,nytimes.com,9
TheRoot,operationghettostorm.org,1
TheRoot,pbs.org,2
TheRoot,pinetartinc.com,2
TheRoot,pisab.org,1
TheRoot,policemisconduct.net,1
TheRoot,politico.com,1
TheRoot,publicconversations.org,1
TheRoot,quickfacts.census.gov,1
TheRoot,rawstory.com,1
TheRoot,rcfp.org,1
TheRoot,riverfronttimes.com,1
TheRoot,rn22.ultipro.com,1
TheRoot,rolereboot.org,1
TheRoot,rtdna.org,2
TheRoot,salon.com,1
TheRoot,slate.com,1
TheRoot,sojo.net,1
TheRoot,stlamerican.com,3
TheRoot,stlouis.cbslocal.com,2
TheRoot,stltoday.com,16
TheRoot,sylvesterbrownjr.blogspot.com,1
TheRoot,talkingpointsmemo.com,2
TheRoot,thedailybeast.com,3
TheRoot,theguardian.com,1
TheRoot,thehill.com,1
TheRoot,theroot.com,49
TheRoot,theroottv.theroot.com,1
TheRoot,theshadowleague.com,1
TheRoot,thinkprogress.org,1
TheRoot,time.com,1
TheRoot,tjholmes.net,2
TheRoot,trainingforchange.org,1
TheRoot,tvnewscheck.com,1
TheRoot,twitlonger.com,1
TheRoot,twitter.com,14
TheRoot,usatoday.com,3
TheRoot,usatoday30.usatoday.com,1
TheRoot,vine.co,1
TheRoot,voices.aaja.org,1
TheRoot,washingtonpost.com,8
TheRoot,whitehouse.gov,1
TheRoot,whiteprivilegeconference.com,1
TheRoot,wtvr.com,1
TheRoot,youtube.com,3
Time,abcnews.go.com,3
Time,aclu.org,3
Time,ago.mo.gov,1
Time,alsa.org,1
Time,amazon.com,7
Time,america.aljazeera.com,1
Time,archive.today,1
Time,artofthetitle.com,1
Time,bbc.com,3
Time,bigstory.ap.org,2
Time,blog.longreads.com,2
Time,blogs.wsj.com,1
Time,bloomberg.com,4
Time,books.google.com,1
Time,bostonglobe.com,1
Time,brookings.edu,1
Time,buzzfeed.com,6
Time,cato.org,1
Time,city-data.com,1
Time,cnn.com,6
Time,dailymail.co.uk,1
Time,davidsimon.com,1
Time,defenseone.com,1
Time,digg.com,1
Time,dispositionservices.dla.mil,1
Time,dreamvillain.net,1
Time,economist.com,1
Time,edition.cnn.com,1
Time,en.wikipedia.org,7
Time,fastcodesign.com,1
Time,fastcompany.com,2
Time,fergusoncity.com,1
Time,fivethirtyeight.com,1
Time,fortune.com,3
Time,gofundme.com,1
Time,heritage.org,1
Time,huffingtonpost.com,2
Time,jacobinmag.com,1
Time,jimromenesko.com,1
Time,justice.gov,4
Time,kitv.com,1
Time,kmov.com,2
Time,kottke.org,1
Time,ksdk.com,3
Time,ktla.com,3
Time,latimes.com,9
Time,lightbox.time.com,1
Time,mappingdecline.lib.uiowa.edu,2
Time,mccaskill.senate.gov,1
Time,money.cnn.com,1
Time,motherjones.com,4
Time,msnbc.com,4
Time,narrative.ly,1
Time,nbcnews.com,5
Time,news.artnet.com,1
Time,news.vice.com,1
Time,newseum.org,1
Time,newyorker.com,3
Time,nextdraft.com,2
Time,npr.org,3
Time,nxt.fm,3
Time,nytimes.com,6
Time,online.wsj.com,3
Time,pbs.org,1
Time,politico.com,2
Time,popularmechanics.com,1
Time,pubadvocate.nyc.gov,1
Time,quickfacts.census.gov,3
Time,qz.com,3
Time,reuters.com,5
Time,riverfronttimes.com,2
Time,s4.brown.edu,1
Time,salon.com,1
Time,scientificamerican.com,1
Time,slate.com,4
Time,stlmag.com,1
Time,stlouis.cbslocal.com,1
Time,stltoday.com,14
Time,storify.com,1
Time,talkingpointsmemo.com,1
Time,tfr.faa.gov,1
Time,theatlantic.com,5
Time,thedailybeast.com,3
Time,theglobeandmail.com,1
Time,thegrio.com,1
Time,theguardian.com,1
Time,theroot.com,2
Time,theverge.com,1
Time,thewire.com,2
Time,thewrap.com,1
Time,time.com,130
Time,timedotcom.files.wordpress.com,1
Time,trayvonmartinfoundation.org,1
Time,twitpic.com,1
Time,twitter.com,14
Time,usatoday.com,1
Time,valleywag.gawker.com,1
Time,vanityfair.com,1
Time,vice.com,1
Time,vievu.com,1
Time,vox.com,4
Time,washingtonpost.com,9
Time,well.blogs.nytimes.com,1
Time,wired.com,6
Time,wtfpod.com,1
Time,youtube.com,1
USAToday,11alive.com,1
USAToday,abcnews.go.com,1
USAToday,aclu.org,1
USAToday,ago.mo.gov,2
USAToday,americanradioworks.publicradio.org,2
USAToday,americasmarkets.usatoday.com,1
USAToday,beaconreader.com,1
USAToday,care2.com,1
USAToday,carolinerosemusic.com,1
USAToday,change.org,1
USAToday,cnn.com,3
USAToday,college.usatoday.com,2
USAToday,enquirer.com,5
USAToday,entertainment.time.com,1
USAToday,entertainthis.usatoday.com,1
USAToday,experience.usatoday.com,2
USAToday,facebook.com,9
USAToday,fergusoncity.com,1
USAToday,flovalleynews.com,2
USAToday,forbes.com,1
USAToday,fox2now.com,1
USAToday,gofundme.com,3
USAToday,history.com,1
USAToday,indystar.com,1
USAToday,instagram.com,2
USAToday,kctv5.com,1
USAToday,kmov.com,1
USAToday,ksdk.com,97
USAToday,lacyclay.house.gov,1
USAToday,latimes.com,1
USAToday,marshallfoundation.org,1
USAToday,miamiherald.com,1
USAToday,mmqb.si.com,2
USAToday,nbcwashington.com,1
USAToday,newyork.cbslocal.com,1
USAToday,npr.org,2
USAToday,nydailynews.com,1
USAToday,nypost.com,2
USAToday,nytimes.com,6
USAToday,oea.gov,1
USAToday,on.ksdk.com,7
USAToday,opcw.org,1
USAToday,oregonlive.com,1
USAToday,pbs.org,2
USAToday,petitions.whitehouse.gov,2
USAToday,policefoundation.org,1
USAToday,politico.com,1
USAToday,press.org,1
USAToday,quickfacts.census.gov,2
USAToday,rtdna.org,1
USAToday,smpa.gwu.edu,1
USAToday,stltoday.com,3
USAToday,storify.com,1
USAToday,support.twitter.com,1
USAToday,talkingpointsmemo.com,1
USAToday,taser.com,1
USAToday,techcrunch.com,1
USAToday,thehill.com,2
USAToday,thekingcenter.org,2
USAToday,time.com,2
USAToday,trayvonmartinfoundation.org,1
USAToday,twitter.com,19
USAToday,usatoday.com,145
USAToday,ux-origin.usatoday.com,2
USAToday,ux.ksdk.com,3
USAToday,vox.com,1
USAToday,washingtonpost.com,3
USAToday,whitehouse.gov,1
USAToday,youtu.be,1
USAToday,youtube.com,2
USAToday,zara.com,2
USNews,aclu.org,2
USNews,ago.mo.gov,1
USNews,america.aljazeera.com,1
USNews,arng.army.mil,1
USNews,blunt.senate.gov,1
USNews,books.google.com,4
USNews,buzzfeed.com,1
USNews,cbc.fudge.house.gov,1
USNews,cbsnews.com,1
USNews,cdc.gov,1
USNews,chicagotribune.com,1
USNews,cnn.com,2
USNews,csmonitor.com,1
USNews,danaloeschradio.com,1
USNews,davidalbouy.net,1
USNews,defenseone.com,1
USNews,dps.mo.gov,2
USNews,facebook.com,1
USNews,fivethirtyeight.com,1
USNews,foxnews.com,4
USNews,fundly.com,1
USNews,governor.mo.gov,5
USNews,graphics.wsj.com,1
USNews,huffingtonpost.com,1
USNews,i2.cdn.turner.com,2
USNews,justice.gov,3
USNews,ktla.com,2
USNews,ky3.com,1
USNews,latimes.com,7
USNews,launch.newsinc.com,1
USNews,livescience.com,1
USNews,marketsforgood.org,1
USNews,mccaskill.senate.gov,1
USNews,motherjones.com,1
USNews,msnbc.com,3
USNews,newsweek.com,1
USNews,newyorker.com,2
USNews,npr.org,3
USNews,nydailynews.com,2
USNews,nytimes.com,17
USNews,pbs.org,2
USNews,people-press.org,2
USNews,pix11.com,1
USNews,quickfacts.census.gov,1
USNews,reuters.com,1
USNews,s4.brown.edu,1
USNews,slate.com,1
USNews,stlouis.cbslocal.com,1
USNews,stltoday.com,1
USNews,storify.com,1
USNews,telegraph.co.uk,1
USNews,theatlantic.com,3
USNews,thedailybeast.com,1
USNews,theguardian.com,1
USNews,thinkprogress.org,1
USNews,torrentfreak.com,1
USNews,twitter.com,2
USNews,usatoday.com,4
USNews,usnews.com,26
USNews,venturebeat.com,1
USNews,vox.com,1
USNews,washingtonpost.com,12
USNews,whitehouse.gov,1
USNews,wsj.com,2
Upworthy,ago.mo.gov,2
Upworthy,census.gov,1
Upworthy,censusviewer.com,1
Upworthy,dreamdefenders.org,1
Upworthy,instagram.com,1
Upworthy,itisalrightma.com,1
Upworthy,jarredgastreich.tumblr.com,1
Upworthy,motherjones.com,1
Upworthy,newsweek.com,1
Upworthy,s4.brown.edu,2
Upworthy,stlouis.cbslocal.com,1
Upworthy,twitter.com,1
Upworthy,vox.com,3
Upworthy,washingtonpost.com,1
Upworthy,youtube.com,1
Vice,abc13.com,1
Vice,abc7.com,1
Vice,abc7news.com,1
Vice,aclu.org,1
Vice,act.rootsaction.org,1
Vice,aljazeera.com,1
Vice,alternet.org,2
Vice,america.aljazeera.com,1
Vice,bbc.co.uk,1
Vice,bigstory.ap.org,1
Vice,blogs.riverfronttimes.com,1
Vice,bloomberg.com,1
Vice,boston.cbslocal.com,1
Vice,businessinsider.com,1
Vice,cbsnews.com,1
Vice,chicagoist.com,1
Vice,clickhole.com,5
Vice,cnn.com,4
Vice,courant.com,2
Vice,courier-journal.com,1
Vice,csmonitor.com,1
Vice,dallasnews.com,1
Vice,denverpost.com,1
Vice,en.wikipedia.org,4
Vice,facebook.com,1
Vice,firstlook.org,1
Vice,foxnews.com,1
Vice,gallery.mailchimp.com,1
Vice,gallup.com,1
Vice,gawker.com,3
Vice,goproject.gop.com,1
Vice,gothamist.com,1
Vice,governor.mo.gov,2
Vice,hollywoodlife.com,1
Vice,homicide.latimes.com,2
Vice,houstonchronicle.com,1
Vice,huffingtonpost.com,6
Vice,independent.co.uk,2
Vice,jezebel.com,1
Vice,ksn.com,1
Vice,ktla.com,4
Vice,latimes.com,2
Vice,leap.cc,1
Vice,legacy.ksdk.com,1
Vice,lintvkxan.files.wordpress.com,1
Vice,lonestarproject.net,1
Vice,m.wsbtv.com,1
Vice,mainjustice.com,1
Vice,mashable.com,1
Vice,mediaite.com,1
Vice,melbsmc.org,1
Vice,mirror.co.uk,1
Vice,motherboard.vice.com,15
Vice,motherjones.com,3
Vice,msnbc.com,1
Vice,mxgm.org,1
Vice,myfoxdfw.com,1
Vice,mynews13.com,1
Vice,nahright.com,1
Vice,nbcmiami.com,1
Vice,nbcnews.com,1
Vice,new.livestream.com,1
Vice,newrepublic.com,1
Vice,news.nationalpost.com,1
Vice,news.vice.com,20
Vice,noisey.vice.com,5
Vice,nydailynews.com,3
Vice,nypost.com,1
Vice,nytimes.com,5
Vice,pbs.org,1
Vice,photographyisnotacrime.com,2
Vice,policeone.com,2
Vice,politico.com,1
Vice,poynter.org,1
Vice,pressfreedomfoundation.org,1
Vice,rcfp.org,1
Vice,reason.com,2
Vice,reddit.com,3
Vice,revcom.us,2
Vice,ropercenter.uconn.edu,4
Vice,rt.com,1
Vice,rutherford.org,1
Vice,said%20the%20decision%20to%20respond%20positively%20to%20a%20request%20to%20arm%20kurdish%20forces%20was%20consistent%20with%20the%20government%27s%20approach%20of%20responding%20to%20a%20humanitarian%20crisis.,1
Vice,salon.com,1
Vice,scribd.com,1
Vice,sfgate.com,1
Vice,slate.com,2
Vice,sltrib.com,1
Vice,smithsonianmag.com,1
Vice,snopes.com,2
Vice,soundcloud.com,1
Vice,stlouis.cbslocal.com,1
Vice,stltoday.com,2
Vice,tactical-officer.com,1
Vice,talkingpointsmemo.com,2
Vice,tampabay.com,1
Vice,texasobserver.org,1
Vice,texastribune.org,1
Vice,tfr.faa.gov,1
Vice,theagitator.com,1
Vice,theatlantic.com,1
Vice,thedailybeast.com,1
Vice,theepochtimes.com,1
Vice,theguardian.com,2
Vice,thehill.com,2
Vice,thenewinquiry.com,1
Vice,theonion.com,2
Vice,theverge.com,1
Vice,thewire.com,1
Vice,thinkprogress.org,1
Vice,thomas.loc.gov,1
Vice,time.com,3
Vice,tshaonline.org,1
Vice,twitter.com,8
Vice,usatoday.com,4
Vice,vanityfair.com,1
Vice,vice.com,25
Vice,vox.com,2
Vice,washingtonpost.com,8
Vice,wired.com,2
Vice,wjbf.com,2
Vice,youtube.com,6
Vox,aclu.org,2
Vox,afreesociety.org,1
Vox,ago.mo.gov,1
Vox,aljazeera.com,1
Vox,amnesty.org,1
Vox,articles.latimes.com,2
Vox,bls.gov,1
Vox,bmhlibrary.info,1
Vox,businessinsider.com,1
Vox,buzzfeed.com,1
Vox,cad.sagepub.com,1
Vox,christiandavenportphd.weebly.com,1
Vox,cmmonline.com,1
Vox,cnn.com,5
Vox,colorlines.com,1
Vox,columbia.library.ingentaconnect.com,1
Vox,deadline.com,1
Vox,economist.com,1
Vox,en.wikipedia.org,1
Vox,facebook.com,1
Vox,facingteargas.org,2
Vox,fas.org,1
Vox,fergflor.org,1
Vox,fergusoncity.com,2
Vox,freedom.press,1
Vox,gizmodo.com,1
Vox,governor.mo.gov,1
Vox,graphics.latimes.com,1
Vox,hrw.org,1
Vox,huffingtonpost.com,1
Vox,iranprimer.usip.org,1
Vox,jem-journal.com,1
Vox,joshbegley.com,1
Vox,justice.gov,1
Vox,latimes.com,2
Vox,leap.cc,1
Vox,m.stltoday.com,1
Vox,mccaskill.senate.gov,1
Vox,mediad.publicbroadcasting.net,1
Vox,metacritic.com,1
Vox,motherjones.com,1
Vox,msnbc.com,4
Vox,nbcnews.com,2
Vox,ncbi.nlm.nih.gov,1
Vox,ndtv.com,1
Vox,newrepublic.com,1
Vox,newyorker.com,2
Vox,nydailynews.com,1
Vox,nytimes.com,3
Vox,onlinelibrary.wiley.com,1
Vox,opcw.org,1
Vox,pasadenastarnews.com,1
Vox,people-press.org,1
Vox,pewsocialtrends.org,1
Vox,psmag.com,2
Vox,rawstory.com,1
Vox,riverfronttimes.com,1
Vox,salon.com,1
Vox,sentencingproject.org,1
Vox,slate.com,3
Vox,stltoday.com,3
Vox,storify.com,1
Vox,theconcourse.deadspin.com,1
Vox,theintercept.com,1
Vox,thelancet.com,1
Vox,thinkprogress.org,1
Vox,time.com,2
Vox,twitter.com,15
Vox,ucrdatatool.gov,1
Vox,vine.co,1
Vox,vox.com,129
Vox,washingtonpost.com,8
Vox,wsj.com,1
Vox,youtube.com,2
WashingtonPost,209.212.22.88,1
WashingtonPost,9news.com,1
WashingtonPost,a2jpys5vcmc0.g00.www.washingtonpost.com,1
WashingtonPost,abcnews.go.com,7
WashingtonPost,about.me,1
WashingtonPost,abqjournal.com,1
WashingtonPost,aclu-mo.org,5
WashingtonPost,aclu-nj.org,1
WashingtonPost,aclu.org,4
WashingtonPost,advancementproject.org,1
WashingtonPost,ago.mo.gov,4
WashingtonPost,ajc.com,2
WashingtonPost,alternet.org,1
WashingtonPost,amazon.com,19
WashingtonPost,amnesty.org,1
WashingtonPost,animalnewyork.com,1
WashingtonPost,apps.washingtonpost.com,2
WashingtonPost,archive.sltrib.com,2
WashingtonPost,army.mil,1
WashingtonPost,arstechnica.com,2
WashingtonPost,articles.baltimoresun.com,1
WashingtonPost,articles.chicagotribune.com,1
WashingtonPost,articles.latimes.com,2
WashingtonPost,articles.orlandosentinel.com,1
WashingtonPost,asr.sagepub.com,1
WashingtonPost,atlantadailyworld.com,1
WashingtonPost,atr.rollcall.com,2
WashingtonPost,avclub.com,1
WashingtonPost,azcentral.com,1
WashingtonPost,bangordailynews.com,1
WashingtonPost,baruch.cuny.edu,1
WashingtonPost,bbc.com,3
WashingtonPost,beta.congress.gov,1
WashingtonPost,beyondbabymamas.com,1
WashingtonPost,bigstory.ap.org,7
WashingtonPost,billboard.com,1
WashingtonPost,bizjournals.com,1
WashingtonPost,bjs.gov,1
WashingtonPost,blackpast.org,1
WashingtonPost,blog.simplejustice.us,1
WashingtonPost,blogs.chicagotribune.com,1
WashingtonPost,blogs.telegraph.co.uk,1
WashingtonPost,blogs.wsj.com,7
WashingtonPost,bloomberg.com,14
WashingtonPost,bloombergview.com,6
WashingtonPost,boingboing.net,1
WashingtonPost,books.google.com,1
WashingtonPost,bostonglobe.com,2
WashingtonPost,breitbart.com,1
WashingtonPost,britannica.com,1
WashingtonPost,brookings.edu,2
WashingtonPost,burlingtonfreepress.com,2
WashingtonPost,business.highbeam.com,1
WashingtonPost,businessinsider.com,2
WashingtonPost,businessweek.com,2
WashingtonPost,buzzfeed.com,5
WashingtonPost,bw9uzxkuy25ulmnvbq00.g00.www.washingtonpost.com,1
WashingtonPost,calea.org,1
WashingtonPost,cap-press.com,1
WashingtonPost,capitalnewyork.com,2
WashingtonPost,caselaw.findlaw.com,1
WashingtonPost,catalist.us,1
WashingtonPost,cato.org,4
WashingtonPost,cbsnews.com,5
WashingtonPost,ccrjustice.org,1
WashingtonPost,chicagofed.org,1
WashingtonPost,christiandavenportphd.weebly.com,5
WashingtonPost,citylab.com,3
WashingtonPost,cityofberkeley.us,1
WashingtonPost,civic.mit.edu,1
WashingtonPost,clickhole.com,1
WashingtonPost,cnn.com,13
WashingtonPost,cnsnews.com,1
WashingtonPost,colorlines.com,1
WashingtonPost,content.time.com,1
WashingtonPost,cookpolitical.com,1
WashingtonPost,cops.usdoj.gov,1
WashingtonPost,cpj.org,2
WashingtonPost,crdl.usg.edu,1
WashingtonPost,crunkfeministcollective.com,1
WashingtonPost,csis.org,1
WashingtonPost,csmonitor.com,1
WashingtonPost,ctmirror.org,1
WashingtonPost,d3d3lmftbmvzdhkub3jn.g00.www.washingtonpost.com,1
WashingtonPost,d3d3lmftbmvzdhl1c2eub3jn.g00.www.washingtonpost.com,1
WashingtonPost,d3d3lnbvbgl0awnvlmnvbq00.g00.www.washingtonpost.com,1
WashingtonPost,d3d3lxbzewnolnn0yw5mb3jklmvkdq00.g00.www.washingtonpost.com,1
WashingtonPost,dailycaller.com,1
WashingtonPost,dailymail.co.uk,1
WashingtonPost,dallasnews.com,3
WashingtonPost,davekopel.org,3
WashingtonPost,daytondailynews.com,5
WashingtonPost,dea.gov,1
WashingtonPost,deseretnews.com,3
WashingtonPost,desmoinesregister.com,1
WashingtonPost,dhmh.maryland.gov,1
WashingtonPost,dispatch.com,1
WashingtonPost,dispositionservices.dla.mil,9
WashingtonPost,dissentmagazine.org,1
WashingtonPost,dodbuzz.com,1
WashingtonPost,doyle-scienceteach.blogspot.it,1
WashingtonPost,dps.mo.gov,1
WashingtonPost,dreamville.com,1
WashingtonPost,e360.yale.edu,1
WashingtonPost,ebony.com,2
WashingtonPost,econlog.econlib.org,1
WashingtonPost,economist.com,1
WashingtonPost,educationforensic.com,1
WashingtonPost,eisenhowerfoundation.org,1
WashingtonPost,elections.huffingtonpost.com,2
WashingtonPost,elmundo.es,1
WashingtonPost,en.wikipedia.org,8
WashingtonPost,encyclopediadramatica.es,1
WashingtonPost,english.alarabiya.net,1
WashingtonPost,esopinc.com,1
WashingtonPost,eurekalert.org,1
WashingtonPost,facbook.com,1
WashingtonPost,facebook.com,9
WashingtonPost,factcheck.org,1
WashingtonPost,faz.net,1
WashingtonPost,fbi.gov,1
WashingtonPost,fergflor.org,4
WashingtonPost,foreignpolicy.com,1
WashingtonPost,fox.com,1
WashingtonPost,fox2now.com,3
WashingtonPost,foxnews.com,1
WashingtonPost,fpri.org,1
WashingtonPost,freakonomics.com,1
WashingtonPost,ft.com,1
WashingtonPost,fuelfix.com,2
WashingtonPost,fundly.com,3
WashingtonPost,fusion.net,1
WashingtonPost,gallup.com,11
WashingtonPost,gawker.com,3
WashingtonPost,gigaom.com,1
WashingtonPost,gochicago.about.com,1
WashingtonPost,google.com,1
WashingtonPost,gov.uk,1
WashingtonPost,governor.mo.gov,4
WashingtonPost,greghoward1.kinja.com,1
WashingtonPost,gsb.stanford.edu,1
WashingtonPost,hbr.org,1
WashingtonPost,house.mo.gov,1
WashingtonPost,huffingtonpost.com,19
WashingtonPost,ibtimes.com,1
WashingtonPost,instagram.com,4
WashingtonPost,jackkempfoundation.org,1
WashingtonPost,jezebel.com,1
WashingtonPost,jjay.cuny.edu,1
WashingtonPost,jrc.sagepub.com,1
WashingtonPost,justice.gov,4
WashingtonPost,justnet.org,1
WashingtonPost,kaiserhealthnews.org,2
WashingtonPost,kansascity.com,1
WashingtonPost,kickstarter.com,1
WashingtonPost,kmov.com,6
WashingtonPost,kpbs.org,1
WashingtonPost,krugman.blogs.nytimes.com,1
WashingtonPost,ksdk.com,3
WashingtonPost,ksl.com,1
WashingtonPost,ktla.com,3
WashingtonPost,lapdonline.org,2
WashingtonPost,latimes.com,16
WashingtonPost,latimesblogs.latimes.com,1
WashingtonPost,law.cornell.edu,1
WashingtonPost,law.umn.edu,1
WashingtonPost,law2.umkc.edu,1
WashingtonPost,lefigaro.fr,1
WashingtonPost,legacy.ksdk.com,3
WashingtonPost,levin.senate.gov,1
WashingtonPost,linkedin.com,1
WashingtonPost,live.stlpublicradio.org,1
WashingtonPost,livestream.com,2
WashingtonPost,local12.com,1
WashingtonPost,louisianaweekly.com,1
WashingtonPost,m.stltoday.com,2
WashingtonPost,manhattan-institute.org,1
WashingtonPost,mappingdecline.lib.uiowa.edu,1
WashingtonPost,maristpoll.marist.edu,3
WashingtonPost,mcclatchydc.com,1
WashingtonPost,media.tumblr.com,1
WashingtonPost,mediaite.com,2
WashingtonPost,mediamatters.org,1
WashingtonPost,mediasmarts.ca,1
WashingtonPost,medium.com,3
WashingtonPost,mercurynews.com,1
WashingtonPost,metro.co.uk,1
WashingtonPost,metrotrends.org,3
WashingtonPost,military.com,1
WashingtonPost,modernhealthcare.com,1
WashingtonPost,moga.mo.gov,1
WashingtonPost,money.cnn.com,1
WashingtonPost,motherjones.com,6
WashingtonPost,mrconservative.com,1
WashingtonPost,msnbc.com,13
WashingtonPost,musedmagonline.com,1
WashingtonPost,myaccount.nytimes.com,1
WashingtonPost,nationaljournal.com,4
WashingtonPost,nationalreview.com,3
WashingtonPost,nbc.com,2
WashingtonPost,nbc12.com,1
WashingtonPost,nbcnews.com,6
WashingtonPost,nbcnewyork.com,1
WashingtonPost,nber.org,2
WashingtonPost,ncbi.nlm.nih.gov,1
WashingtonPost,ncjrs.gov,1
WashingtonPost,nelp.org,1
WashingtonPost,newrepublic.com,4
WashingtonPost,news.google.com,1
WashingtonPost,news.nationalgeographic.com,3
WashingtonPost,news.stlpublicradio.org,6
WashingtonPost,news.vice.com,1
WashingtonPost,news.wustl.edu,1
WashingtonPost,news.xinhuanet.com,2
WashingtonPost,news.yahoo.com,7
WashingtonPost,newseum.org,6
WashingtonPost,newsfeed.time.com,1
WashingtonPost,newsobserver.com,1
WashingtonPost,newsweek.com,2
WashingtonPost,newyork.cbslocal.com,1
WashingtonPost,newyorker.com,11
WashingtonPost,niemanlab.org,1
WashingtonPost,nj.gov,1
WashingtonPost,nola.com,1
WashingtonPost,northcampus.org,2
WashingtonPost,npr.org,6
WashingtonPost,nyclu.org,1
WashingtonPost,nydailynews.com,7
WashingtonPost,nymag.com,3
WashingtonPost,nypost.com,2
WashingtonPost,nytimes.com,58
WashingtonPost,oig.dhs.gov,1
WashingtonPost,online.wsj.com,7
WashingtonPost,onlinelibrary.wiley.com,2
WashingtonPost,onpolitics.usatoday.com,1
WashingtonPost,ontvtime.ru,1
WashingtonPost,opcw.org,2
WashingtonPost,operationferguson.cf,1
WashingtonPost,oregonlive.com,1
WashingtonPost,organizemo.org,1
WashingtonPost,ourdocuments.gov,1
WashingtonPost,parc.info,1
WashingtonPost,pastebin.com,2
WashingtonPost,people-press.org,3
WashingtonPost,people.umass.edu,2
WashingtonPost,pewinternet.org,1
WashingtonPost,pewsocialtrends.org,6
WashingtonPost,pic.twitter.com,2
WashingtonPost,pinetartinc.com,1
WashingtonPost,policechiefmagazine.org,1
WashingtonPost,policecomplaints.dc.gov,1
WashingtonPost,policingequity.org,1
WashingtonPost,politico.com,8
WashingtonPost,popehat.com,1
WashingtonPost,postandcourier.com,1
WashingtonPost,poynter.org,4
WashingtonPost,ppic.org,1
WashingtonPost,press.uchicago.edu,1
WashingtonPost,presstv.ir,1
WashingtonPost,privacysos.org,1
WashingtonPost,prospect.org,4
WashingtonPost,pss.sagepub.com,1
WashingtonPost,pubdef.net,1
WashingtonPost,publicpolicypolling.com,1
WashingtonPost,rawstory.com,1
WashingtonPost,rcfp.org,1
WashingtonPost,realtime.billboard.com,1
WashingtonPost,reason.com,8
WashingtonPost,recode.net,2
WashingtonPost,redcrosschat.org,1
WashingtonPost,reddit.com,1
WashingtonPost,redoakexpress.com,1
WashingtonPost,redstate.com,1
WashingtonPost,reuters.com,6
WashingtonPost,ricochet.com,1
WashingtonPost,rollcall.com,1
WashingtonPost,rt.com,2
WashingtonPost,s4.brown.edu,3
WashingtonPost,salon.com,4
WashingtonPost,sbnation.com,1
WashingtonPost,scholar.google.com,1
WashingtonPost,scribd.com,2
WashingtonPost,sfgate.com,2
WashingtonPost,sfmuseum.org,1
WashingtonPost,slate.com,6
WashingtonPost,sotu.blogs.cnn.com,1
WashingtonPost,soundcloud.com,1
WashingtonPost,spiegel.de,1
WashingtonPost,sports.yahoo.com,2
WashingtonPost,ssrn.com,2
WashingtonPost,stacialbrown.com,1
WashingtonPost,stackoverflow.com,1
WashingtonPost,statesman.com,2
WashingtonPost,steynonline.com,2
WashingtonPost,stlamerican.com,1
WashingtonPost,stlouis-mo.gov,2
WashingtonPost,stlouis.cbslocal.com,1
WashingtonPost,stltoday.com,36
WashingtonPost,store.cato.org,1
WashingtonPost,store.hbo.com,1
WashingtonPost,sujalsymposium.org,2
WashingtonPost,support.twitter.com,2
WashingtonPost,syracuse.com,1
WashingtonPost,t.co,1
WashingtonPost,takepart.com,1
WashingtonPost,talkingpointsmemo.com,6
WashingtonPost,tandfonline.com,1
WashingtonPost,technologyreview.com,1
WashingtonPost,texasobserver.org,1
WashingtonPost,tfr.faa.gov,2
WashingtonPost,theatlantic.com,6
WashingtonPost,thecaucus.blogs.nytimes.com,1
WashingtonPost,theconcourse.deadspin.com,1
WashingtonPost,thedailybeast.com,5
WashingtonPost,thefiscaltimes.com,2
WashingtonPost,theglobeandmail.com,1
WashingtonPost,thegrio.com,2
WashingtonPost,theguardian.com,3
WashingtonPost,thehill.com,7
WashingtonPost,theimpeccablelife.com,1
WashingtonPost,thelede.blogs.nytimes.com,1
WashingtonPost,thelocal.de,1
WashingtonPost,themorningconsult.com,1
WashingtonPost,therepublic.com,1
WashingtonPost,theroot.com,2
WashingtonPost,thesmokinggun.com,1
WashingtonPost,theverge.com,1
WashingtonPost,theweek.com,1
WashingtonPost,thinkprogress.org,3
WashingtonPost,time.com,16
WashingtonPost,timelines.latimes.com,1
WashingtonPost,trymaineleemsnbc.people.msnbc.com,1
WashingtonPost,twitter.com,105
WashingtonPost,upress.state.ms.us,1
WashingtonPost,usatoday.com,16
WashingtonPost,usatoday30.usatoday.com,2
WashingtonPost,usc.edu,1
WashingtonPost,usccr.gov,1
WashingtonPost,usnews.com,1
WashingtonPost,utk.edu,1
WashingtonPost,uwm.edu,1
WashingtonPost,valleywag.gawker.com,1
WashingtonPost,veritagiustizia.it,1
WashingtonPost,verysmartbrothas.com,3
WashingtonPost,vesti.ru,4
WashingtonPost,vibe.com,3
WashingtonPost,video.foxnews.com,1
WashingtonPost,vita.mn,1
WashingtonPost,voiceofsandiego.org,2
WashingtonPost,voices.washingtonpost.com,2
WashingtonPost,volokh.com,2
WashingtonPost,vox.com,12
WashingtonPost,vpc.org,1
WashingtonPost,walkerart.org,1
WashingtonPost,washingtonexaminer.com,5
WashingtonPost,washingtonmonthly.com,1
WashingtonPost,washingtonpost.com,739
WashingtonPost,washingtontimes.com,1
WashingtonPost,wgntv.com,1
WashingtonPost,whio.com,1
WashingtonPost,whitehouse.blogs.cnn.com,1
WashingtonPost,whitehouse.gov,13
WashingtonPost,wired.co.uk,1
WashingtonPost,wired.com,2
WashingtonPost,wjla.com,2
WashingtonPost,wkkf.org,1
WashingtonPost,wric.com,1
WashingtonPost,wsbtv.com,1
WashingtonPost,wsj.com,4
WashingtonPost,wsoctv.com,1
WashingtonPost,wtop.com,1
WashingtonPost,xxlmag.com,1
WashingtonPost,ygnetwork.org,1
WashingtonPost,youtu.be,4
WashingtonPost,youtube.com,13
WashingtonPost,zeit.de,1
YBF,abcnews.go.com,1
YBF,aol.com,1
YBF,billboard.com,1
YBF,cbc.ca,1
YBF,cnn.com,3
YBF,dailymail.co.uk,1
YBF,huffingtonpost.ca,1
YBF,huffingtonpost.com,2
YBF,ibtimes.com.au,1
YBF,latimes.com,1
YBF,msnbc.com,2
YBF,nytimes.com,4
YBF,politico.com,1
YBF,theybf.com,8
YBF,twitter.com,3
YBF,usnews.com,1
YBF,vibe.com,1
YBF,washingtonpost.com,1
Yahoo,abcnews.go.com,35
Yahoo,aclu.org,5
Yahoo,ago.mo.gov,2
Yahoo,amnesty.org,1
Yahoo,au.news.yahoo.com,2
Yahoo,blog.twitter.com,2
Yahoo,blogs.windsorstar.com,1
Yahoo,businessinsider.com,13
Yahoo,buzzfeed.com,3
Yahoo,ca.news.yahoo.com,1
Yahoo,cbc.ca,1
Yahoo,ccla.org,1
Yahoo,census.gov,1
Yahoo,cironline.org,1
Yahoo,cisblog.ca,1
Yahoo,cleveland.cbslocal.com,1
Yahoo,cmmonline.com,1
Yahoo,cnn.com,3
Yahoo,colorlines.com,1
Yahoo,columbia.library.ingentaconnect.com,1
Yahoo,deadline.com,1
Yahoo,digiphile.wordpress.com,1
Yahoo,dish.andrewsullivan.com,1
Yahoo,dispositionservices.dla.mil,1
Yahoo,dps.mo.gov,1
Yahoo,eater.com,1
Yahoo,en.wikipedia.org,1
Yahoo,facebook.com,10
Yahoo,facingteargas.org,2
Yahoo,fergflor.org,2
Yahoo,fergusoncity.com,2
Yahoo,finance.yahoo.com,7
Yahoo,forbes.com,1
Yahoo,frontpagemag.com,1
Yahoo,gawker.com,1
Yahoo,gma.yahoo.com,2
Yahoo,governor.mo.gov,1
Yahoo,hrw.org,1
Yahoo,huffingtonpost.com,1
Yahoo,instagram.com,1
Yahoo,iranprimer.usip.org,1
Yahoo,jem-journal.com,1
Yahoo,justice.gov,2
Yahoo,ksdk.com,1
Yahoo,lapresse.ca,1
Yahoo,laweekly.com,1
Yahoo,lencoarmor.com,1
Yahoo,m.stltoday.com,3
Yahoo,mccaskill.senate.gov,1
Yahoo,mediaite.com,1
Yahoo,medium.com,1
Yahoo,metacritic.com,1
Yahoo,motherjones.com,1
Yahoo,msnbc.com,4
Yahoo,nabj.org,1
Yahoo,nbcnews.com,2
Yahoo,ndtv.com,1
Yahoo,newrepublic.com,1
Yahoo,news.gc.ca,1
Yahoo,news.yahoo.com,12
Yahoo,newsweek.com,2
Yahoo,newyorker.com,1
Yahoo,ngnews.ca,1
Yahoo,nytimes.com,3
Yahoo,people-press.org,2
Yahoo,pinetartinc.com,1
Yahoo,poynter.org,1
Yahoo,project-disco.org,1
Yahoo,rawstory.com,1
Yahoo,reuters.com,1
Yahoo,scratchingpost.thespec.com,1
Yahoo,scribd.com,1
Yahoo,sdkramer.com,1
Yahoo,sentencingproject.org,1
Yahoo,slate.com,1
Yahoo,soundcloud.com,1
Yahoo,splcenter.org,1
Yahoo,sports.yahoo.com,5
Yahoo,state.gov,1
Yahoo,stltoday.com,7
Yahoo,support.twitter.com,1
Yahoo,talkingpointsmemo.com,1
Yahoo,teespring.com,1
Yahoo,thedailybeast.com,1
Yahoo,theguardian.com,1
Yahoo,thenextweb.com,1
Yahoo,thewire.com,11
Yahoo,thinkprogress.org,1
Yahoo,time.com,5
Yahoo,twitter.com,21
Yahoo,urbandictionary.com,1
Yahoo,usatoday.com,1
Yahoo,vice.com,2
Yahoo,vine.co,2
Yahoo,vox.com,61
Yahoo,washington.cbslocal.com,1
Yahoo,washingtonpost.com,6
Yahoo,whitehouse.gov,1
Yahoo,wsbtv.com,1
Yahoo,wsj.com,1
Yahoo,yahoo.com,7
Yahoo,youtube.com,1
